,Team,GP,MPG,PPG,FGM,FGA,FG%,3PM,3PA,3P%,FTM,FTA,FT%,ORB,DRB,RPG,APG,SPG,BPG,TOV,PF
0,Alabama,24,39.9,90.3,30.3,63.0,0.48,11.6,30.3,0.382,18.2,22.9,0.795,11.3,25.3,36.6,15.9,7.6,4.2,12.2,19.1
1,Arizona,24,41.0,90.1,32.5,66.5,0.488,7.8,21.2,0.368,17.4,23.9,0.728,12.9,27.9,40.8,18.9,8.8,3.5,12.0,16.3
2,Kentucky,24,40.4,88.9,32.3,65.8,0.492,9.9,24.3,0.407,14.4,19.1,0.752,8.5,26.7,35.2,17.7,7.8,6.4,9.8,16.6
3,Samford,25,39.9,88.0,31.5,63.3,0.498,10.4,25.4,0.407,14.6,20.3,0.717,9.8,23.7,33.5,18.8,11.1,3.9,13.1,18.7
4,Purdue,24,40.4,85.1,29.2,59.4,0.491,8.6,21.5,0.4,18.2,25.4,0.715,11.2,28.1,39.3,18.3,5.8,4.1,11.2,14.0
5,Wright State,26,40.2,85.0,31.9,60.3,0.529,6.4,17.3,0.37,14.7,19.2,0.766,7.8,22.8,30.6,16.2,5.9,2.8,11.5,15.5
6,Denver,26,41.0,84.9,28.8,62.8,0.458,8.8,24.0,0.367,18.6,24.8,0.749,9.2,24.2,33.3,13.9,6.2,4.2,10.0,16.5
7,Gonzaga,24,39.9,84.9,32.0,63.2,0.506,6.8,20.4,0.335,14.2,20.1,0.705,10.4,27.4,37.8,16.0,7.3,3.8,10.1,15.8
8,Indiana State,26,39.8,84.9,29.0,57.9,0.502,11.3,29.4,0.384,15.5,20.0,0.778,6.2,27.1,33.3,17.1,6.3,1.9,11.5,16.9
9,Tulane,23,40.7,84.8,28.4,58.8,0.483,7.8,21.9,0.355,20.1,27.1,0.742,5.2,25.6,30.8,14.4,8.2,4.4,10.3,17.2
10,James Madison,25,40.6,84.8,31.3,65.6,0.477,8.6,24.7,0.348,13.6,19.6,0.694,10.3,26.3,36.6,17.2,9.5,3.2,10.7,17.3
11,Florida,24,40.7,84.6,30.1,66.3,0.455,7.7,23.0,0.334,16.7,24.3,0.688,14.4,27.2,41.6,15.2,6.8,5.5,11.8,17.4
12,High Point,26,40.2,84.5,27.5,59.2,0.465,8.2,23.6,0.349,21.3,27.3,0.78,11.2,25.4,36.6,11.9,5.3,3.2,10.3,17.8
13,Kennesaw State,25,40.3,84.3,29.6,66.4,0.446,9.9,29.8,0.331,15.1,22.4,0.675,10.7,24.8,35.6,15.3,7.5,4.0,11.6,20.1
14,Iowa,24,39.8,84.2,30.9,64.5,0.48,6.5,19.2,0.341,15.8,20.3,0.779,8.8,24.1,32.9,18.0,7.8,3.8,9.6,16.2
15,New Mexico,25,40.0,84.1,30.8,65.1,0.473,7.0,19.8,0.352,15.5,22.3,0.695,10.3,25.4,35.6,15.4,9.4,4.9,9.9,18.3
16,Cornell,21,40.0,83.7,30.6,61.0,0.502,10.1,29.0,0.349,12.4,17.1,0.722,8.2,24.3,32.5,18.2,8.9,2.2,12.5,18.0
17,Florida Atlantic,24,41.0,83.5,29.9,62.4,0.48,8.9,24.4,0.366,14.7,20.4,0.72,10.7,25.2,35.9,15.3,7.8,2.7,10.8,15.8
18,Brigham Young,24,39.7,83.4,30.2,64.0,0.471,11.6,32.3,0.36,11.4,15.5,0.735,10.1,26.7,36.8,19.4,6.3,2.8,10.8,17.2
19,Illinois,24,40.3,83.0,29.3,63.0,0.464,8.6,24.9,0.346,15.9,21.8,0.732,11.6,27.8,39.4,13.2,4.6,4.1,10.5,14.8
20,Baylor,24,40.9,82.6,28.7,58.4,0.491,8.8,21.9,0.403,16.4,22.6,0.727,10.3,22.2,32.5,15.6,6.8,3.4,11.3,16.5
21,Youngstown State,26,40.2,82.5,29.5,64.5,0.456,9.2,27.5,0.333,14.4,18.5,0.779,10.7,26.3,36.9,15.6,6.5,5.0,10.5,16.0
22,Auburn,24,40.0,82.3,28.4,61.3,0.463,7.7,23.5,0.329,17.8,23.5,0.756,11.0,25.3,36.3,17.8,7.5,6.0,10.3,18.5
23,North Carolina,25,40.1,82.3,28.2,62.7,0.449,8.0,22.5,0.357,18.0,23.9,0.751,10.5,27.5,38.0,14.5,6.0,4.1,10.1,16.9
24,Lipscomb,26,40.0,82.1,29.8,60.7,0.491,9.3,25.3,0.368,13.2,17.3,0.761,6.8,24.0,30.7,14.5,6.0,3.5,9.8,13.1
25,Fort Wayne,25,40.2,81.8,29.1,61.7,0.472,9.4,26.0,0.363,14.1,20.1,0.702,7.1,22.6,29.7,13.1,9.9,3.4,10.3,17.8
26,TCU,24,40.8,81.8,29.9,61.6,0.486,6.5,18.3,0.355,15.5,21.5,0.718,10.6,24.0,34.6,18.0,9.2,3.9,12.4,17.3
27,Eastern Kentucky,24,40.2,81.8,30.0,65.2,0.46,8.3,23.1,0.359,13.5,19.7,0.684,11.6,25.4,37.0,15.5,6.8,6.1,11.0,16.6
28,UConn,24,39.8,81.3,28.9,58.0,0.498,8.6,23.8,0.363,14.9,20.4,0.73,9.9,25.0,34.8,17.9,6.4,5.4,9.5,16.8
29,Creighton,25,40.9,81.2,29.5,60.4,0.488,10.6,29.3,0.363,11.6,15.1,0.77,7.6,29.2,36.8,17.1,3.6,3.9,10.1,11.4
30,UNC Wilmington,24,40.4,81.1,28.3,61.3,0.462,8.7,24.4,0.357,15.7,20.8,0.757,9.5,23.7,33.1,12.8,6.2,2.6,8.0,17.3
31,Grand Canyon,24,40.2,81.0,27.3,58.3,0.469,7.0,20.5,0.34,19.4,25.9,0.749,10.7,25.0,35.6,12.2,8.7,5.4,12.5,17.7
32,Northern Colorado,24,41.3,81.0,29.6,60.8,0.486,8.3,23.1,0.357,13.6,18.7,0.726,7.7,26.5,34.2,14.6,6.3,2.4,11.3,16.6
33,Utah State,24,40.3,81.0,29.4,59.3,0.495,6.1,18.9,0.322,16.1,22.1,0.729,8.6,25.2,33.8,17.3,7.1,4.2,11.1,17.3
34,Charleston,25,40.0,80.9,28.6,65.4,0.437,10.2,31.4,0.324,13.5,18.7,0.724,12.1,25.6,37.7,14.6,5.5,2.9,9.8,16.1
35,UNC Asheville,26,40.3,80.8,26.9,57.2,0.47,8.3,22.0,0.377,18.7,25.3,0.741,8.7,23.7,32.4,15.7,6.1,4.3,12.1,17.5
36,Washington,24,40.8,80.8,29.0,61.3,0.473,7.4,21.8,0.34,15.3,21.0,0.73,8.0,24.8,32.7,14.5,5.6,4.2,11.6,19.0
37,Memphis,24,40.2,80.8,27.8,60.4,0.461,8.2,23.2,0.354,16.9,23.2,0.727,10.1,24.1,34.2,13.8,8.8,5.0,13.0,17.8
38,Arkansas-Pine Bluff,24,40.0,80.7,26.5,58.7,0.452,10.5,28.3,0.372,17.1,22.6,0.758,7.3,24.3,31.5,15.4,6.2,2.4,13.4,18.9
39,Colorado,24,40.2,80.7,28.5,57.8,0.492,6.6,17.1,0.387,17.1,21.6,0.793,9.0,26.0,35.0,16.0,6.5,2.4,12.9,15.3
40,Toledo,24,40.4,80.7,29.0,60.4,0.481,6.2,16.7,0.372,16.4,21.5,0.76,8.5,22.3,30.8,13.2,7.5,2.3,10.4,15.4
41,McNeese State,25,40.0,80.6,29.1,58.9,0.494,7.8,19.8,0.397,14.6,21.2,0.692,9.7,23.7,33.4,14.8,10.6,3.4,9.1,17.4
42,Queens University,26,40.0,80.6,28.5,63.8,0.446,8.9,26.6,0.336,14.7,20.9,0.705,9.6,24.2,33.8,13.5,7.2,3.0,11.3,17.5
43,Duke,24,39.9,80.5,28.5,59.4,0.481,8.0,21.8,0.368,15.4,21.1,0.729,8.6,25.3,33.8,15.6,6.5,3.9,9.2,15.6
44,Massachusetts,23,40.1,80.3,29.0,62.7,0.462,6.7,20.8,0.32,15.7,22.8,0.69,12.0,23.7,35.7,16.5,8.4,3.0,10.6,19.4
45,Western Kentucky,24,39.9,80.3,29.5,63.3,0.466,6.8,20.1,0.34,14.4,20.5,0.701,9.3,27.9,37.2,13.5,7.4,3.0,13.7,18.5
46,Wake Forest,24,40.2,80.3,28.3,59.7,0.474,8.5,22.7,0.373,15.3,19.1,0.799,7.3,24.9,32.2,12.4,6.0,4.4,10.5,15.8
47,Butler,25,41.0,80.2,28.8,62.7,0.459,8.2,22.8,0.36,14.4,18.3,0.79,8.3,25.4,33.8,15.0,6.5,3.4,10.3,13.8
48,Furman,25,40.6,80.2,28.0,62.4,0.448,9.5,29.1,0.326,14.8,20.4,0.724,9.6,25.5,35.1,16.8,7.5,2.8,12.3,15.8
49,Lamar,24,40.4,80.1,28.3,62.6,0.452,7.9,21.6,0.365,15.5,20.9,0.743,11.1,24.5,35.6,16.5,7.4,3.8,12.7,19.5
50,Tennessee-Martin,25,40.4,80.1,28.5,64.1,0.445,8.3,23.6,0.352,14.7,19.7,0.746,8.9,29.2,38.0,13.2,6.7,2.7,11.9,14.3
51,Troy,25,40.6,80.0,27.2,62.2,0.438,8.8,25.2,0.349,16.8,23.1,0.725,12.1,24.6,36.7,14.2,9.8,3.4,12.9,18.8
52,UMass Lowell,23,40.2,79.8,29.6,60.6,0.488,5.4,17.2,0.313,15.3,21.0,0.727,9.9,27.2,37.1,13.1,7.0,4.9,12.7,14.9
53,Bryant,25,40.4,79.6,29.1,63.6,0.457,8.6,25.2,0.342,12.9,19.6,0.658,7.0,28.4,35.5,15.0,7.2,6.4,11.4,17.4
54,Arkansas State,25,40.1,79.6,27.3,61.8,0.442,10.0,28.2,0.355,15.0,21.2,0.707,11.1,24.1,35.2,15.1,5.3,4.4,11.4,18.7
55,Tennessee,23,40.0,79.5,27.7,61.6,0.449,8.7,25.4,0.342,15.5,20.9,0.742,10.8,25.4,36.2,17.0,8.0,4.8,9.9,17.3
56,Drake,26,40.6,79.4,28.4,59.0,0.482,8.3,23.6,0.353,14.2,19.0,0.747,7.1,25.3,32.4,15.7,6.6,1.7,9.1,16.0
57,Chattanooga,25,40.4,79.3,28.0,58.8,0.476,10.6,29.5,0.36,12.8,17.4,0.734,7.7,26.8,34.5,13.9,6.8,3.8,11.1,16.2
58,Texas-San Antonio,24,40.7,79.3,26.8,64.2,0.417,9.8,28.8,0.339,16.0,22.3,0.718,11.3,25.7,36.9,14.1,5.0,3.9,10.8,18.3
59,Utah,24,40.5,79.2,29.6,62.9,0.47,8.9,24.5,0.364,11.1,17.4,0.64,9.5,28.2,37.8,17.6,6.3,4.5,11.6,15.8
60,Eastern Washington,24,40.0,79.2,27.5,55.8,0.493,9.0,24.0,0.373,15.3,20.2,0.755,7.3,25.0,32.2,17.3,5.9,3.8,13.4,18.3
61,Clemson,23,40.3,79.0,28.3,60.0,0.471,8.2,23.3,0.353,14.2,18.3,0.779,9.0,26.5,35.5,15.3,4.6,4.3,10.1,16.2
62,San Francisco,26,40.1,78.9,29.4,59.7,0.492,8.2,24.0,0.343,11.9,15.5,0.771,9.2,23.5,32.7,16.0,9.0,3.6,11.5,18.1
63,Stanford,23,40.5,78.8,28.4,59.5,0.477,9.7,24.6,0.394,12.3,16.5,0.749,6.7,26.5,33.2,17.7,5.0,3.0,12.6,15.8
64,Ohio,24,40.6,78.8,28.2,60.9,0.462,8.9,24.6,0.36,13.6,18.9,0.72,9.0,23.7,32.6,14.1,6.5,3.6,9.5,17.6
65,Quinnipiac,24,40.2,78.8,27.5,61.5,0.448,7.6,21.7,0.349,16.1,20.6,0.783,10.1,25.6,35.7,13.9,7.9,3.9,12.3,16.2
66,Marquette,24,39.8,78.8,29.2,60.8,0.479,8.9,25.4,0.35,11.5,15.9,0.727,8.1,23.2,31.3,16.5,8.8,3.0,10.0,15.1
67,UMBC,25,39.9,78.7,29.8,64.1,0.465,8.3,22.6,0.366,10.7,15.7,0.682,8.4,25.2,33.6,12.8,4.8,3.4,13.5,15.8
68,Miami (FL),24,40.0,78.7,28.7,60.8,0.472,8.7,23.7,0.366,12.7,16.5,0.768,8.2,26.3,34.5,14.5,7.4,3.4,12.3,12.9
69,Columbia,20,40.0,78.6,28.3,59.8,0.472,8.8,23.2,0.38,13.3,17.6,0.756,8.3,25.5,33.8,17.6,7.8,2.0,11.4,16.2
70,Appalachian State,25,41.0,78.6,29.4,62.2,0.473,6.7,21.0,0.317,13.1,19.9,0.66,10.1,28.7,38.8,15.2,6.6,7.3,10.5,13.4
71,Iowa State,24,40.0,78.6,28.1,59.0,0.476,6.7,18.8,0.355,15.8,22.7,0.695,10.0,22.3,32.2,16.8,10.8,3.1,10.6,16.3
72,Long Beach State,24,40.4,78.5,28.1,61.7,0.455,5.5,17.4,0.313,16.9,24.3,0.695,10.7,24.8,35.4,15.3,8.5,4.0,12.9,17.5
73,George Washington,24,41.3,78.5,26.8,61.1,0.439,8.7,24.8,0.349,16.1,21.7,0.743,8.4,27.8,36.2,12.4,6.3,5.4,12.8,14.8
74,Milwaukee,25,40.8,78.4,27.7,63.4,0.438,8.4,25.6,0.327,14.6,20.5,0.715,12.0,23.3,35.3,13.8,6.3,4.6,12.1,17.8
75,Winthrop,26,41.0,78.3,25.7,55.3,0.466,7.5,21.5,0.35,19.3,27.3,0.708,9.2,23.4,32.6,12.0,6.8,2.6,12.2,17.8
76,Saint Joseph's,24,40.0,78.3,27.5,60.3,0.457,10.6,28.5,0.372,12.6,17.4,0.727,8.9,25.0,33.9,15.1,7.0,3.7,11.1,15.7
77,North Florida,26,40.4,78.3,26.7,60.3,0.443,12.0,33.3,0.361,12.8,16.8,0.761,8.2,23.3,31.4,12.7,5.8,3.2,10.7,16.0
78,Georgia State,24,40.4,78.1,28.4,64.3,0.442,7.5,23.4,0.323,13.7,18.3,0.751,9.1,25.6,34.7,12.2,5.7,3.1,9.1,17.9
79,Colorado State,25,40.4,78.0,28.2,56.5,0.5,8.0,22.2,0.363,13.5,17.7,0.765,6.2,23.3,29.5,19.2,7.2,3.2,10.2,16.5
80,Albany,24,40.0,78.0,28.1,63.9,0.44,7.5,23.5,0.318,14.3,19.9,0.715,10.0,24.0,34.0,13.3,8.4,3.3,13.2,19.3
81,LSU,24,40.1,77.8,26.9,58.2,0.462,8.0,22.3,0.357,16.1,22.3,0.722,8.9,24.2,33.0,12.3,8.5,3.8,12.8,18.0
82,Louisiana,25,40.0,77.6,28.4,60.9,0.466,8.4,22.7,0.369,12.6,17.0,0.741,9.4,22.0,31.4,12.9,8.6,3.9,11.3,18.1
83,Stephen F. Austin,24,40.8,77.5,26.9,58.8,0.458,6.1,18.9,0.322,17.6,24.5,0.718,10.9,23.6,34.5,13.1,9.2,2.9,16.2,21.7
84,Belmont,25,40.0,77.5,27.7,58.1,0.476,8.8,23.7,0.373,13.3,18.4,0.722,6.2,24.4,30.6,15.0,7.9,2.9,12.2,15.7
85,Little Rock,25,40.4,77.4,28.0,60.7,0.461,6.6,19.8,0.335,14.9,20.4,0.728,9.9,23.6,33.4,14.6,6.0,4.5,11.8,18.5
86,UC San Diego,24,40.4,77.4,27.0,58.5,0.463,9.3,25.5,0.363,14.1,18.6,0.758,7.6,23.3,30.9,13.3,6.6,2.9,9.0,15.8
87,Western Carolina,25,40.4,77.4,28.4,62.0,0.458,8.4,23.0,0.366,12.2,17.4,0.7,9.3,27.8,37.1,11.8,4.5,3.6,9.4,16.4
88,Nebraska,25,40.3,77.3,26.4,58.6,0.45,9.5,26.0,0.365,15.0,19.9,0.757,8.5,26.5,35.0,15.6,6.4,2.8,11.1,15.5
89,Stetson,26,40.2,77.1,27.6,59.8,0.462,9.5,25.6,0.369,12.4,16.0,0.775,8.9,23.9,32.8,14.1,5.2,2.8,10.1,14.2
90,UAB,24,40.8,77.0,26.8,60.3,0.444,5.9,19.0,0.31,17.7,23.6,0.748,11.3,24.5,35.8,13.0,6.8,4.6,11.7,15.9
91,Kansas,25,40.1,77.0,28.8,57.7,0.5,6.1,17.5,0.347,13.2,18.0,0.737,7.1,25.8,32.9,19.9,7.6,3.9,11.4,14.6
92,Oregon,24,40.1,77.0,27.2,59.5,0.457,8.2,22.4,0.365,14.5,20.5,0.707,8.4,23.2,31.6,14.2,7.4,3.7,10.1,16.9
93,Cleveland State,25,40.4,76.9,28.0,62.6,0.447,7.3,20.2,0.361,13.7,20.6,0.667,11.8,20.9,32.7,13.2,8.4,4.4,10.6,18.9
94,UC Santa Barbara,23,40.2,76.9,27.4,54.3,0.505,6.2,16.7,0.373,15.8,21.6,0.73,7.4,25.7,33.1,14.0,4.6,3.1,12.9,15.7
95,Fairleigh Dickinson,25,40.2,76.8,26.7,63.2,0.423,8.7,25.9,0.336,14.7,20.8,0.706,9.8,25.1,34.9,15.1,8.5,2.4,12.2,18.1
96,North Alabama,25,40.8,76.8,27.0,60.6,0.445,7.7,21.5,0.358,15.2,20.3,0.75,8.8,24.3,33.2,11.6,5.3,3.1,10.5,19.0
97,Texas,24,40.1,76.8,28.1,58.6,0.48,7.7,20.3,0.379,12.9,17.3,0.749,8.6,23.5,32.0,16.2,6.9,4.9,11.5,16.6
98,South Dakota State,25,40.1,76.8,28.3,59.4,0.477,8.4,23.7,0.356,11.7,16.8,0.696,7.9,25.2,33.1,13.2,6.6,3.5,11.3,14.8
99,Montana,25,40.2,76.8,28.3,59.2,0.477,7.4,21.2,0.347,12.9,16.3,0.789,7.4,24.6,32.0,15.2,4.8,3.1,9.4,16.6
100,North Dakota State,25,41.2,76.8,27.9,58.4,0.478,8.0,20.8,0.386,12.9,18.2,0.711,7.4,24.5,32.0,12.2,4.6,1.3,10.3,15.5
101,UNC Greensboro,25,40.4,76.7,27.6,59.7,0.462,10.0,25.4,0.395,11.6,16.0,0.721,9.0,24.3,33.3,15.1,6.6,2.6,10.2,17.5
102,Santa Clara,25,39.8,76.7,27.7,59.4,0.466,8.5,23.2,0.367,12.8,18.2,0.707,10.8,24.6,35.4,15.1,4.9,2.7,13.0,17.6
103,Oklahoma,25,39.9,76.7,26.8,56.6,0.473,7.4,21.6,0.343,15.8,21.2,0.743,8.6,25.0,33.6,13.9,6.3,3.4,11.8,16.0
104,St. John's,25,40.0,76.7,28.6,64.8,0.44,7.1,21.6,0.33,12.4,17.7,0.704,13.8,23.5,37.3,15.3,6.9,5.2,11.5,17.8
105,Cal State Northridge,25,40.0,76.6,28.0,60.9,0.46,4.9,15.6,0.315,15.6,22.8,0.681,10.6,27.2,37.8,13.8,7.9,3.5,14.3,20.4
106,Florida State,24,40.0,76.5,27.3,60.5,0.45,6.2,19.4,0.32,15.8,23.0,0.69,9.3,22.3,31.5,12.5,9.3,4.3,11.9,20.5
107,Nevada,25,40.2,76.5,26.4,56.0,0.472,5.9,17.4,0.341,17.7,25.0,0.71,8.3,24.4,32.7,14.8,6.3,3.7,9.3,17.4
108,Kent State,24,40.8,76.5,26.1,58.6,0.445,8.2,23.0,0.357,16.1,21.1,0.763,9.5,21.8,31.3,13.0,7.3,2.6,12.5,18.0
109,Princeton,20,40.0,76.5,27.0,58.3,0.463,10.5,29.0,0.361,12.2,15.2,0.799,7.4,24.2,31.6,14.6,5.4,2.5,8.2,12.9
110,Bowling Green,24,40.8,76.5,27.0,60.5,0.446,7.0,22.7,0.308,15.5,22.5,0.692,9.2,25.6,34.8,11.9,6.6,2.7,11.0,15.9
111,Texas Tech,24,40.0,76.4,26.4,57.2,0.462,8.8,23.3,0.375,14.8,19.2,0.774,8.6,23.1,31.7,15.2,5.9,2.9,10.2,14.1
112,Wofford,25,40.8,76.4,28.1,60.1,0.467,9.4,26.0,0.362,10.8,17.4,0.622,9.3,25.3,34.6,15.5,4.2,2.8,10.5,16.4
113,Southern Methodist,24,39.9,76.2,28.5,61.8,0.462,7.4,21.6,0.342,11.8,17.0,0.689,11.6,24.5,36.0,16.1,8.7,5.0,11.1,16.2
114,UC Irvine,25,40.2,76.2,28.2,59.5,0.475,6.0,16.6,0.361,13.7,18.1,0.757,9.1,25.9,35.0,15.8,6.6,3.7,11.2,18.0
115,New Hampshire,23,40.2,76.2,26.7,63.2,0.423,9.2,27.2,0.338,13.6,18.7,0.728,7.7,27.6,35.3,12.4,7.5,2.1,11.5,15.3
116,Yale,22,40.7,76.1,28.4,60.9,0.466,7.3,21.0,0.347,12.1,16.7,0.723,9.3,25.9,35.2,14.5,6.1,3.3,9.5,14.4
117,Minnesota,23,40.0,76.1,27.3,57.4,0.475,8.0,23.0,0.347,13.6,20.0,0.68,8.4,24.6,33.0,18.4,6.4,4.7,11.7,16.5
118,Tulsa,23,40.3,76.1,25.3,58.0,0.437,8.0,24.2,0.331,17.4,23.4,0.742,8.1,25.3,33.3,12.4,8.0,3.5,13.3,17.1
119,Fairfield,24,40.0,76.1,27.2,59.8,0.455,9.0,24.7,0.367,12.6,16.6,0.759,8.7,22.4,31.1,14.2,8.0,2.3,11.3,15.1
120,Syracuse,25,39.9,76.0,27.3,60.4,0.452,7.0,21.2,0.332,14.4,20.3,0.712,7.7,23.6,31.3,13.8,9.4,4.4,11.2,15.4
121,Arkansas,23,40.2,76.0,25.7,57.3,0.448,5.9,18.4,0.321,18.8,26.2,0.718,7.4,24.5,31.9,11.4,5.7,6.5,11.3,19.2
122,Oakland,26,40.8,76.0,27.1,60.7,0.446,8.4,24.6,0.343,13.4,17.9,0.747,9.8,23.8,33.5,14.0,6.7,2.4,10.9,15.2
123,South Dakota,25,40.8,76.0,27.4,61.4,0.446,7.7,21.4,0.36,13.6,18.6,0.731,10.2,25.7,36.0,12.3,3.8,1.9,12.8,16.2
124,Xavier,24,39.8,76.0,27.1,62.3,0.434,7.1,20.5,0.346,14.7,19.8,0.742,10.3,26.0,36.3,16.7,7.0,3.9,11.2,17.2
125,Penn State,24,40.3,76.0,26.3,59.7,0.441,7.8,24.0,0.323,15.5,20.9,0.743,8.3,21.0,29.3,12.5,8.9,3.1,10.2,18.3
126,Georgia,24,40.0,75.9,25.3,58.8,0.431,8.2,23.6,0.348,17.0,23.3,0.73,8.0,24.1,32.2,12.1,6.6,3.5,11.4,17.0
127,Boston College,24,40.1,75.8,27.9,60.1,0.464,7.8,22.0,0.357,12.2,16.3,0.749,7.7,23.8,31.5,14.2,6.2,3.9,10.3,15.7
128,Ole Miss,24,39.8,75.8,27.2,59.6,0.456,7.5,19.8,0.38,14.0,18.9,0.742,8.3,22.4,30.7,15.7,8.5,6.0,9.9,15.3
129,Morehead State,25,40.0,75.8,27.2,58.0,0.47,8.9,25.4,0.351,12.4,17.5,0.708,11.1,27.0,38.2,15.3,5.9,5.0,11.8,16.0
130,Southern Utah,24,40.2,75.8,26.4,60.0,0.44,6.3,21.2,0.295,16.8,22.7,0.739,9.4,22.0,31.3,11.3,6.5,2.8,12.0,18.4
131,Michigan,25,40.4,75.7,26.9,59.4,0.454,8.3,22.8,0.363,13.6,19.1,0.711,9.6,23.4,33.0,12.9,4.1,4.0,12.3,16.9
132,Marshall,25,40.0,75.7,26.5,63.1,0.42,8.1,26.0,0.312,14.5,20.4,0.71,9.8,25.5,35.3,16.0,6.7,4.7,12.1,15.7
133,San Diego State,25,40.4,75.6,26.0,57.9,0.45,7.1,21.9,0.325,16.4,22.4,0.735,9.5,24.6,34.2,12.6,7.6,3.6,10.8,17.6
134,Louisiana Tech,24,40.4,75.6,26.0,56.6,0.46,7.5,20.8,0.36,16.0,23.3,0.689,10.3,25.7,35.9,13.0,7.9,5.0,12.0,15.6
135,Presbyterian,26,40.2,75.6,27.3,57.1,0.478,6.5,19.0,0.343,14.5,21.9,0.66,7.5,22.0,29.4,13.3,6.4,3.3,10.8,18.8
136,Cincinnati,24,40.3,75.6,27.7,62.6,0.442,7.3,22.1,0.33,13.0,18.8,0.688,12.3,25.7,38.0,15.1,6.1,4.4,11.4,14.8
137,Delaware,25,40.1,75.6,27.8,58.7,0.473,7.4,20.6,0.358,12.7,17.8,0.711,7.9,24.6,32.5,14.5,5.8,3.0,10.1,15.3
138,Northern Illinois,24,40.6,75.5,26.5,58.9,0.451,7.5,22.3,0.336,14.9,22.0,0.677,8.6,24.2,32.8,10.4,5.5,5.3,12.2,17.7
139,Bradley,25,40.5,75.4,27.7,57.8,0.479,9.1,24.4,0.372,10.9,15.7,0.696,8.8,23.6,32.4,13.8,7.5,4.0,11.5,16.6
140,Oral Roberts,24,40.4,75.4,26.9,59.6,0.451,9.4,24.8,0.38,12.3,16.6,0.739,6.6,24.2,30.8,11.5,5.6,3.9,9.4,17.0
141,NC State,24,40.3,75.4,27.5,62.4,0.44,7.1,21.5,0.331,13.3,18.5,0.721,9.5,24.3,33.9,13.2,7.9,3.0,9.3,17.8
142,UNLV,22,40.3,75.4,28.1,59.8,0.47,7.2,21.4,0.335,12.0,17.3,0.695,8.8,22.5,31.3,14.7,6.9,4.6,9.8,16.3
143,Liberty,25,40.4,75.4,27.8,59.4,0.467,10.3,28.2,0.365,9.5,14.4,0.659,8.1,24.7,32.8,16.5,5.6,2.1,9.4,14.9
144,Washington State,24,40.4,75.3,27.8,58.9,0.472,6.5,18.5,0.35,13.3,19.1,0.693,9.5,26.5,36.0,12.4,5.3,5.2,10.0,17.3
145,Bethune-Cookman,24,40.2,75.3,26.3,59.6,0.441,6.1,19.3,0.316,16.6,22.4,0.743,9.4,22.1,31.5,13.4,11.0,3.5,14.4,21.0
146,Pittsburgh,24,39.8,75.2,26.1,60.4,0.432,9.3,27.1,0.344,13.7,19.6,0.699,10.4,25.2,35.6,13.6,6.5,4.9,9.5,15.0
147,Akron,24,40.1,75.2,26.3,57.4,0.458,8.5,25.1,0.341,14.0,19.0,0.737,8.9,23.8,32.7,13.5,6.3,2.8,10.6,16.2
148,Niagara,23,40.6,75.1,26.7,56.0,0.477,6.3,16.8,0.375,15.3,20.3,0.758,6.6,22.5,29.1,13.0,5.5,2.2,10.7,15.2
149,North Carolina Central,22,40.5,75.1,26.3,59.2,0.444,7.1,22.0,0.324,15.4,22.3,0.692,9.6,24.1,33.7,12.6,8.2,2.8,11.4,17.5
150,South Florida,22,39.8,75.1,25.5,58.4,0.436,8.6,24.2,0.357,15.5,21.5,0.725,8.8,23.8,32.5,14.8,6.8,3.4,10.0,16.8
151,Michigan State,24,40.1,75.1,27.8,58.5,0.475,6.7,18.1,0.371,12.8,18.5,0.691,8.5,23.4,32.0,17.3,7.1,4.0,9.4,16.3
152,Robert Morris,25,40.8,75.0,26.8,60.5,0.443,8.1,24.5,0.33,13.4,18.5,0.721,11.7,22.2,33.9,13.6,5.2,2.6,13.7,17.7
153,Weber State,25,40.2,75.0,25.8,55.2,0.467,7.9,22.7,0.349,15.5,20.7,0.75,6.8,24.0,30.7,12.3,6.6,1.7,9.7,15.1
154,Howard,24,40.8,75.0,25.5,56.6,0.45,7.8,21.6,0.358,16.3,22.2,0.733,9.5,23.6,33.2,13.5,6.4,2.8,14.3,19.3
155,Longwood,26,40.6,75.0,27.0,59.7,0.452,5.3,16.7,0.32,15.7,23.6,0.664,13.4,24.6,38.0,12.7,7.0,2.8,12.4,18.4
156,California,24,41.0,75.0,26.3,61.6,0.428,8.8,25.5,0.343,13.5,18.8,0.721,9.7,25.5,35.2,12.3,5.6,2.7,11.2,17.4
157,Northwestern,24,40.8,74.9,27.1,58.3,0.466,8.5,21.4,0.395,12.2,16.8,0.727,7.5,21.5,29.0,16.3,7.5,3.3,8.5,18.3
158,Omaha,26,40.2,74.9,25.8,56.5,0.457,6.4,18.9,0.338,16.9,22.5,0.75,7.7,23.8,31.6,10.2,6.2,2.3,9.8,16.8
159,New Orleans,25,40.2,74.9,26.6,62.3,0.426,5.6,17.4,0.32,16.2,22.6,0.718,9.8,22.4,32.2,12.0,7.4,3.6,11.9,19.0
160,Texas A&M-CC,24,40.0,74.8,26.7,62.5,0.427,5.7,19.4,0.295,15.7,23.1,0.681,12.0,25.6,37.6,14.8,8.9,3.0,11.5,21.3
161,Elon,25,39.9,74.8,26.4,58.4,0.453,8.6,23.6,0.362,13.4,18.6,0.717,8.8,22.2,31.0,13.4,6.0,2.9,11.1,16.5
162,Ball State,24,40.4,74.8,25.3,55.4,0.457,7.7,20.5,0.377,16.5,21.7,0.76,8.0,23.7,31.8,12.5,5.5,2.9,11.5,15.4
163,North Dakota,26,40.1,74.7,26.5,60.5,0.439,8.2,25.5,0.32,13.4,19.2,0.701,10.1,23.8,33.9,11.5,6.2,3.0,10.0,15.4
164,Coastal Carolina,23,40.4,74.7,27.9,62.6,0.445,6.4,20.7,0.309,12.5,19.7,0.636,10.9,26.7,37.6,13.0,6.1,3.3,12.6,16.5
165,Seattle,24,41.3,74.6,25.8,58.1,0.444,7.3,21.7,0.337,15.8,21.4,0.737,9.1,25.4,34.5,12.9,5.8,3.1,12.5,19.5
166,Florida International,24,40.0,74.5,27.2,62.3,0.436,8.7,25.5,0.34,11.5,17.1,0.672,9.2,19.3,28.5,14.8,11.0,3.4,13.5,18.6
167,Southern,24,40.3,74.5,26.5,60.0,0.441,7.0,22.3,0.316,14.5,21.3,0.682,9.2,21.9,31.0,13.7,10.2,2.8,12.6,19.5
168,Ohio State,25,40.4,74.4,26.2,59.0,0.445,7.1,21.0,0.339,14.8,19.5,0.762,9.8,24.5,34.3,13.8,5.3,4.6,9.9,16.6
169,USC,24,40.3,74.4,26.4,59.1,0.447,7.8,22.2,0.352,13.8,20.0,0.689,9.3,23.2,32.5,15.7,6.6,5.3,12.5,16.7
170,Virginia Tech,24,39.8,74.3,25.4,54.8,0.463,8.5,23.4,0.365,15.0,18.9,0.795,6.7,23.7,30.3,15.2,5.3,2.5,11.4,16.1
171,Montana State,25,40.4,74.3,26.4,57.5,0.459,8.7,24.3,0.359,12.8,17.4,0.736,6.0,22.3,28.2,13.1,8.4,2.1,11.4,19.0
172,Boise State,24,40.2,74.3,25.8,57.5,0.45,7.7,22.7,0.34,14.9,20.6,0.723,9.8,23.7,33.4,12.3,5.7,2.3,11.0,16.2
173,Hofstra,25,40.1,74.3,27.5,59.1,0.465,10.3,28.1,0.368,8.9,12.0,0.741,6.7,24.0,30.7,15.3,5.9,3.6,10.2,14.8
174,Mississippi State,24,39.7,74.3,26.3,58.6,0.448,7.4,23.4,0.316,14.4,21.3,0.676,10.7,26.0,36.7,14.9,8.3,3.4,12.4,16.5
175,Norfolk State,24,40.0,74.3,25.7,57.0,0.451,6.3,18.8,0.334,16.6,22.6,0.735,10.4,22.9,33.3,12.0,8.8,3.0,11.9,18.7
176,Pennsylvania,22,40.9,74.2,26.5,59.1,0.448,9.4,25.5,0.367,11.9,17.5,0.68,9.8,24.6,34.4,14.7,6.2,2.6,11.5,14.5
177,Loyola (IL),24,39.9,74.2,26.4,57.1,0.462,8.4,23.4,0.359,13.0,18.6,0.696,7.2,25.5,32.7,16.8,6.5,4.8,12.3,19.4
178,Texas A&M,24,40.1,74.2,25.3,63.1,0.401,6.8,24.3,0.277,16.8,23.8,0.703,15.7,23.7,39.4,11.3,7.3,2.9,9.3,16.3
179,Rhode Island,24,39.9,74.1,26.7,56.8,0.47,6.5,18.0,0.364,14.3,22.3,0.64,9.3,25.3,34.6,13.2,4.8,3.1,12.3,17.0
180,Northern Kentucky,25,40.6,74.1,26.3,57.8,0.456,6.0,19.1,0.312,15.5,21.9,0.708,9.1,22.0,31.1,14.0,9.1,2.8,12.6,16.4
181,Hampton,25,39.8,74.1,26.9,61.0,0.441,7.6,23.2,0.326,12.8,17.9,0.714,10.0,24.1,34.1,13.3,6.2,3.1,13.0,16.7
182,Iona,23,40.0,74.0,26.8,60.9,0.44,7.9,22.7,0.348,12.5,19.3,0.649,9.8,20.8,30.6,14.4,9.6,3.2,9.4,18.9
183,Louisville,25,40.1,74.0,25.4,57.9,0.439,5.6,17.9,0.313,17.6,23.4,0.751,9.2,24.0,33.2,11.2,5.5,2.5,12.4,17.2
184,Le Moyne,24,39.9,74.0,26.5,60.5,0.438,10.3,28.3,0.362,10.6,13.8,0.768,7.4,22.7,30.1,16.2,8.3,3.3,10.8,15.3
185,Wisconsin,25,40.1,73.8,26.0,56.2,0.463,6.8,19.8,0.341,15.0,19.7,0.761,8.8,22.6,31.4,12.0,5.8,1.7,9.8,15.4
186,Gardner-Webb,25,40.4,73.8,26.5,60.7,0.437,7.1,21.4,0.33,13.7,21.3,0.644,9.4,25.4,34.8,12.2,6.0,2.2,10.8,20.0
187,Dayton,24,40.0,73.8,25.0,53.0,0.472,9.2,23.5,0.392,14.5,19.9,0.73,7.3,24.0,31.2,14.7,5.4,4.2,9.3,13.1
188,Sacred Heart,26,40.0,73.8,26.6,59.7,0.446,7.3,20.5,0.356,13.2,18.8,0.705,8.0,22.4,30.3,13.3,8.8,4.8,11.4,17.0
189,St. Bonaventure,23,40.0,73.7,26.4,58.0,0.455,7.8,21.7,0.359,13.1,17.0,0.774,9.2,22.6,31.8,12.6,6.4,3.8,10.1,16.8
190,George Mason,25,39.8,73.7,25.5,54.4,0.469,7.3,20.3,0.359,15.4,20.6,0.747,8.5,25.0,33.5,11.7,5.4,3.3,11.2,16.5
191,Texas-Arlington,24,40.1,73.6,24.8,58.3,0.424,8.6,25.4,0.339,15.5,21.4,0.724,11.0,24.7,35.6,15.3,7.0,3.9,15.6,20.5
192,Incarnate Word,24,40.2,73.6,25.2,58.0,0.434,7.9,23.2,0.341,15.3,20.6,0.745,9.1,23.7,32.8,12.5,6.3,4.1,14.9,19.3
193,Houston,24,40.2,73.6,26.8,62.0,0.433,7.5,21.8,0.346,12.4,18.2,0.681,13.6,23.2,36.8,13.0,9.9,4.9,8.1,18.1
194,Saint Louis,24,39.9,73.5,25.1,56.6,0.444,7.7,20.8,0.368,15.6,21.2,0.738,7.4,24.1,31.5,11.9,5.8,2.9,12.0,18.4
195,San Diego,26,39.9,73.5,26.3,59.2,0.445,7.1,19.9,0.357,13.7,18.7,0.734,8.3,22.9,31.3,13.5,6.7,3.7,13.2,18.7
196,La Salle,25,40.8,73.5,26.6,62.6,0.426,8.6,25.6,0.337,11.6,16.2,0.715,8.0,22.3,30.3,14.5,6.4,3.2,9.3,17.0
197,Providence,25,40.5,73.5,26.0,57.4,0.453,7.9,24.4,0.325,13.5,19.1,0.705,7.6,26.3,33.8,13.7,6.7,4.6,12.0,15.5
198,South Alabama,25,40.8,73.5,26.0,60.1,0.433,7.6,22.9,0.334,13.8,18.4,0.746,7.0,23.4,30.4,10.8,7.0,2.8,10.5,16.6
199,UTEP,24,40.0,73.5,25.1,56.0,0.448,5.6,17.9,0.312,17.7,25.7,0.689,9.4,21.3,30.7,13.0,11.8,3.1,14.4,19.9
200,Texas-RGV,23,40.4,73.4,24.9,58.8,0.424,5.4,18.3,0.295,18.2,26.1,0.698,8.7,22.0,30.7,12.9,8.6,3.6,14.4,19.2
201,St. Thomas-Minnesota,26,40.2,73.4,26.1,55.5,0.47,9.1,25.7,0.354,12.2,16.7,0.732,6.6,21.5,28.2,13.7,6.1,2.4,8.7,16.0
202,Nicholls State,24,41.6,73.3,25.0,57.4,0.435,7.8,22.5,0.346,15.6,21.7,0.72,8.2,23.4,31.6,10.3,6.9,4.7,12.1,18.6
203,Wichita State,24,40.0,73.3,27.8,62.0,0.448,6.3,19.8,0.319,11.5,16.5,0.695,9.9,26.9,36.8,11.6,6.1,4.5,12.3,15.1
204,Lehigh,24,40.8,73.3,26.1,59.6,0.438,6.9,22.4,0.307,14.2,19.5,0.729,7.3,25.6,33.0,13.3,7.0,2.0,11.7,17.0
205,Saint Mary's,26,40.3,73.1,27.0,59.3,0.456,7.4,22.1,0.334,11.7,17.0,0.684,12.2,25.3,37.5,15.7,6.8,4.2,9.7,16.3
206,Tennessee State,26,40.2,73.1,25.8,57.6,0.447,6.8,20.4,0.334,14.8,19.7,0.75,8.5,23.1,31.5,12.5,6.3,3.3,12.2,19.1
207,Wyoming,23,40.2,73.1,24.6,54.5,0.451,7.3,19.6,0.375,16.5,22.1,0.748,7.9,23.7,31.5,11.7,5.0,2.7,13.3,15.2
208,Southern Illinois,25,40.3,73.1,24.7,53.3,0.464,8.2,22.8,0.361,15.4,20.2,0.764,6.8,23.2,30.0,14.2,5.4,2.9,10.7,18.0
209,Mount St. Mary's,24,40.5,73.0,27.3,58.3,0.468,6.7,20.1,0.334,11.8,16.3,0.721,9.1,23.7,32.8,13.3,7.6,3.9,14.0,16.3
210,Evansville,26,40.3,73.0,26.8,58.7,0.457,6.8,19.7,0.345,12.5,17.7,0.707,6.8,25.3,32.1,13.6,6.5,3.4,11.3,14.7
211,Morgan State,23,40.4,73.0,27.7,61.5,0.45,5.4,17.4,0.313,12.2,16.6,0.733,9.9,23.3,33.2,12.7,6.3,3.4,14.2,19.0
212,Fordham,23,40.8,73.0,25.1,61.3,0.41,8.1,25.2,0.321,14.7,22.5,0.651,11.4,23.3,34.7,13.3,8.7,5.0,12.7,20.0
213,Indiana,24,40.0,73.0,26.4,55.8,0.473,5.1,15.5,0.328,15.0,22.7,0.664,8.0,24.0,32.0,14.7,5.5,3.8,11.5,17.4
214,Rice,24,40.3,72.9,26.3,59.8,0.439,8.3,24.7,0.336,12.1,17.5,0.69,9.7,23.8,33.4,14.8,5.9,3.3,11.8,14.9
215,Seton Hall,24,40.5,72.8,26.5,58.9,0.449,5.6,17.7,0.318,14.3,18.3,0.78,11.5,24.3,35.7,12.8,7.3,4.6,12.5,15.5
216,Central Connecticut State,24,40.1,72.8,26.8,58.5,0.458,6.4,20.3,0.317,12.8,18.0,0.715,8.5,24.8,33.4,14.7,8.1,5.0,11.3,14.0
217,Richmond,23,40.1,72.8,26.8,57.9,0.463,7.6,20.8,0.364,11.6,15.6,0.744,5.2,27.0,32.1,13.0,7.0,3.0,8.0,14.0
218,Loyola Marymount,24,40.0,72.7,25.5,57.9,0.441,8.3,23.1,0.357,13.3,18.0,0.742,9.1,24.0,33.2,11.5,3.8,2.5,10.7,17.1
219,South Carolina,24,39.8,72.6,25.6,57.6,0.444,8.6,25.0,0.343,12.8,17.9,0.718,9.5,23.2,32.8,15.7,4.7,3.1,9.6,15.5
220,Abilene Christian,23,40.6,72.6,25.2,59.8,0.421,5.3,16.2,0.327,16.9,23.5,0.72,8.6,22.7,31.3,12.2,8.0,1.9,12.7,20.6
221,Canisius,23,40.2,72.6,26.3,59.7,0.441,7.6,21.9,0.348,12.3,19.3,0.64,10.6,24.1,34.7,12.7,6.1,3.4,13.1,16.6
222,Vermont,25,40.2,72.5,26.6,57.0,0.467,8.8,25.3,0.348,10.5,14.7,0.717,6.6,25.6,32.2,14.0,5.4,3.6,8.3,13.5
223,Pepperdine,26,39.9,72.5,26.4,59.4,0.445,6.7,19.3,0.349,12.9,18.5,0.697,9.4,22.2,31.6,13.2,5.2,2.8,10.4,16.7
224,Villanova,24,40.9,72.5,24.8,58.6,0.424,9.2,27.7,0.333,13.6,16.6,0.817,8.0,24.3,32.3,12.7,5.8,2.3,9.2,15.6
225,Hawaii,25,40.4,72.4,24.9,54.7,0.455,7.7,23.4,0.328,14.8,21.2,0.701,7.4,23.9,31.4,12.4,4.7,2.8,11.6,17.5
226,Drexel,25,40.1,72.3,26.8,59.2,0.454,6.3,19.2,0.327,12.4,17.3,0.715,10.7,26.5,37.2,12.4,5.2,4.1,10.2,15.4
227,Portland,26,39.9,72.3,25.3,57.4,0.44,8.8,25.8,0.342,12.9,18.0,0.716,6.7,23.9,30.6,13.6,4.4,2.3,12.4,16.0
228,Radford,25,40.6,72.3,26.6,57.8,0.46,8.0,21.0,0.378,11.2,15.2,0.737,8.1,22.8,30.9,11.5,5.9,3.7,10.7,17.0
229,Rider,24,40.6,72.2,26.4,62.2,0.424,5.8,17.8,0.328,13.6,18.4,0.741,11.5,25.0,36.5,12.8,6.5,3.8,12.1,18.2
230,Jacksonville,25,40.2,72.2,25.5,58.0,0.44,6.4,20.2,0.317,14.8,20.9,0.707,10.6,23.9,34.6,11.0,7.7,3.5,13.4,20.2
231,Central Arkansas,27,40.2,72.2,25.6,61.7,0.414,8.0,23.6,0.337,13.1,17.7,0.742,9.9,23.0,32.9,13.8,7.4,3.3,12.3,17.0
232,Northern Iowa,25,40.3,72.2,25.3,55.6,0.454,7.4,21.3,0.345,14.2,20.1,0.708,6.6,24.0,30.6,12.4,6.0,2.4,9.9,16.4
233,Miami (OH),24,40.2,72.1,25.5,56.1,0.454,7.9,22.0,0.361,13.3,18.8,0.707,7.2,23.9,31.1,15.0,5.8,2.8,11.3,17.9
234,Tarleton State,24,40.1,72.0,26.7,59.6,0.448,5.6,17.0,0.328,13.1,17.6,0.744,10.0,21.7,31.7,13.0,9.2,3.5,10.9,17.8
235,UCF,23,40.0,72.0,24.8,59.4,0.418,7.1,22.3,0.318,15.3,21.8,0.699,10.8,24.0,34.8,12.1,8.9,5.3,11.8,17.6
236,Missouri,24,39.9,72.0,25.8,58.3,0.442,7.7,23.8,0.324,12.8,16.4,0.779,7.5,21.2,28.6,12.9,7.8,5.1,10.9,19.2
237,Texas A&M Commerce,25,41.0,71.9,25.6,61.0,0.419,9.4,29.1,0.321,11.4,16.3,0.703,7.9,21.6,29.4,15.1,8.2,5.3,11.3,18.2
238,Kansas State,24,41.1,71.9,24.8,57.5,0.432,7.5,24.2,0.31,14.8,20.3,0.727,10.3,24.3,34.6,14.3,6.5,4.5,14.3,17.1
239,UMKC,26,40.7,71.8,25.8,59.9,0.431,8.7,25.2,0.344,11.6,16.9,0.684,10.3,23.3,33.7,13.3,5.8,4.0,11.5,19.5
240,Missouri State,25,40.6,71.8,25.6,58.8,0.436,7.2,22.8,0.317,13.4,18.7,0.715,9.2,27.5,36.7,12.1,4.4,4.8,11.8,15.8
241,Georgia Tech,24,40.7,71.8,25.5,61.0,0.417,8.0,24.6,0.324,12.9,18.8,0.687,10.4,24.5,34.9,13.0,4.6,4.3,11.5,17.6
242,UC Davis,24,40.4,71.8,24.3,54.8,0.444,7.1,20.8,0.34,16.1,22.3,0.725,8.8,22.0,30.8,12.5,7.9,3.8,13.8,19.3
243,San Jose State,25,40.1,71.8,26.7,58.4,0.457,8.6,24.4,0.352,9.8,14.2,0.688,7.2,22.2,29.4,13.7,5.3,3.6,10.1,16.9
244,Harvard,20,40.3,71.7,25.3,55.8,0.454,7.5,21.8,0.344,13.6,19.8,0.687,7.6,24.8,32.3,13.0,5.8,4.1,11.2,15.1
245,Stony Brook,25,40.6,71.6,25.8,60.3,0.427,7.9,23.0,0.345,12.2,17.1,0.713,8.7,24.4,33.1,11.9,6.4,3.2,10.0,15.0
246,Georgetown,24,40.3,71.6,24.4,58.6,0.416,8.1,24.0,0.339,14.8,20.6,0.717,10.7,20.8,31.5,12.3,5.9,3.4,11.6,16.5
247,Colgate,25,40.0,71.6,26.5,57.9,0.458,8.7,23.4,0.372,9.8,14.3,0.687,7.9,26.2,34.1,15.7,6.4,3.4,10.4,13.9
248,Duquesne,24,39.9,71.6,25.1,57.9,0.433,7.7,23.5,0.327,13.8,19.8,0.693,9.8,23.3,33.1,13.2,7.2,4.4,11.3,18.0
249,Western Michigan,24,40.3,71.5,26.2,58.9,0.445,7.6,22.5,0.338,11.5,18.6,0.619,10.7,23.1,33.8,13.6,5.5,2.3,13.2,17.5
250,VCU,24,40.0,71.5,24.0,54.0,0.445,8.3,23.2,0.357,15.1,19.3,0.78,7.7,25.0,32.7,14.2,6.0,4.6,11.7,16.4
251,Austin Peay,26,40.5,71.4,26.3,60.0,0.438,8.1,22.5,0.358,10.7,16.5,0.652,9.7,21.9,31.5,11.3,7.4,3.1,8.4,17.3
252,Virginia Military,25,40.2,71.4,26.5,61.0,0.435,7.0,21.5,0.324,11.4,16.6,0.688,8.5,25.8,34.3,11.0,5.5,2.5,15.4,17.2
253,Monmouth,25,40.0,71.4,25.2,58.7,0.43,7.6,21.1,0.36,13.3,18.8,0.706,9.3,23.0,32.4,12.5,7.1,3.7,10.5,17.0
254,Portland State,25,40.2,71.3,25.4,60.3,0.42,7.6,22.8,0.333,13.0,19.0,0.686,9.2,23.2,32.4,12.3,6.6,3.7,10.7,17.5
255,South Carolina State,24,40.1,71.3,25.5,61.1,0.416,5.8,18.3,0.318,14.5,21.8,0.667,12.9,21.6,34.5,13.9,8.1,3.2,14.0,20.7
256,USC Upstate,24,40.4,71.3,26.3,58.8,0.447,7.7,23.3,0.33,11.1,17.4,0.638,7.5,21.4,28.9,12.8,7.3,3.1,11.1,19.5
257,Sam Houston State,24,40.3,71.2,25.0,61.0,0.41,7.3,21.8,0.335,13.9,19.5,0.712,10.6,24.1,34.7,12.9,7.0,2.5,12.6,17.5
258,Binghamton,23,40.2,71.2,26.4,58.1,0.454,5.1,17.5,0.29,13.3,19.8,0.673,9.6,27.1,36.7,14.0,4.9,3.8,12.0,16.6
259,Old Dominion,25,40.2,71.2,26.5,62.4,0.424,7.0,21.2,0.328,11.2,16.8,0.669,8.5,23.8,32.3,10.5,8.1,3.6,10.6,18.0
260,William & Mary,25,40.1,71.1,23.9,56.9,0.42,8.8,27.2,0.325,14.4,20.1,0.718,8.8,24.0,32.9,12.2,4.6,1.7,10.4,16.9
261,Davidson,24,40.4,71.0,24.6,57.1,0.431,7.8,24.5,0.319,14.0,19.1,0.731,8.4,24.7,33.1,12.6,6.5,3.0,9.5,15.5
262,Prairie View A&M,24,40.0,71.0,25.1,60.6,0.414,4.8,15.8,0.307,16.0,22.0,0.726,9.0,20.4,29.4,11.5,9.7,2.6,11.5,20.6
263,Louisiana-Monroe,23,40.2,71.0,25.7,59.7,0.431,5.2,17.4,0.298,14.3,21.8,0.655,11.2,24.0,35.2,13.5,7.0,2.6,12.0,18.1
264,Georgia Southern,25,40.4,70.9,24.6,58.7,0.419,9.4,27.2,0.347,12.2,17.0,0.722,8.5,21.4,29.9,10.6,7.0,3.9,13.0,19.8
265,Temple,24,41.0,70.8,24.1,62.9,0.383,8.3,28.0,0.298,14.3,19.7,0.729,10.1,23.3,33.4,11.3,7.7,2.4,10.3,17.1
266,Jackson State,24,40.0,70.8,24.8,60.6,0.408,6.7,20.8,0.322,14.6,20.8,0.703,11.1,22.4,33.5,12.5,7.8,4.0,13.1,18.3
267,Delaware State,23,41.0,70.7,25.5,59.2,0.431,4.3,14.4,0.295,15.4,22.0,0.702,9.8,23.0,32.8,12.3,8.0,1.9,14.2,16.8
268,SIU-Edwardsville,25,40.0,70.6,24.7,57.9,0.427,7.3,21.3,0.343,13.8,19.2,0.722,8.9,22.6,31.4,11.4,6.7,4.2,10.0,16.1
269,Florida Gulf Coast,26,40.1,70.6,25.8,57.0,0.452,7.8,22.2,0.35,11.3,16.4,0.688,9.5,22.8,32.3,11.8,5.5,3.2,10.6,14.1
270,American University,25,40.4,70.6,25.3,55.6,0.454,9.2,26.0,0.354,10.8,15.2,0.712,8.4,22.4,30.7,14.5,6.0,1.8,10.2,16.6
271,Northeastern,25,40.0,70.6,25.2,54.8,0.46,6.2,19.6,0.317,13.9,18.4,0.756,9.0,21.6,30.6,13.2,6.4,3.0,12.3,15.3
272,Houston Christian,23,40.2,70.5,26.0,60.7,0.428,4.7,16.2,0.293,13.9,22.0,0.63,10.3,24.5,34.8,11.1,5.8,3.0,15.5,14.2
273,Southern Mississippi,25,40.0,70.5,24.2,57.5,0.422,6.9,20.0,0.343,15.2,21.6,0.701,9.1,24.2,33.3,12.4,7.2,4.7,11.7,17.0
274,Oklahoma State,24,40.3,70.4,24.4,56.5,0.432,8.6,25.3,0.34,13.0,19.2,0.678,8.3,24.2,32.5,13.7,6.3,2.8,12.6,15.9
275,Jacksonville State,25,40.2,70.4,25.7,56.0,0.459,5.2,16.2,0.322,13.8,19.6,0.703,9.8,24.2,34.0,11.1,6.8,4.1,12.9,16.3
276,Utah Tech,24,40.4,70.3,24.6,55.5,0.444,6.6,19.1,0.345,14.5,22.2,0.652,8.0,23.5,31.5,13.0,6.5,4.6,15.5,20.7
277,Murray State,25,39.9,70.3,25.6,57.8,0.444,6.9,21.2,0.325,12.1,17.4,0.698,8.0,22.6,30.6,12.2,6.1,2.9,8.9,15.5
278,The Citadel,25,40.2,70.2,25.4,56.0,0.454,6.4,19.5,0.328,12.9,17.9,0.723,8.0,24.2,32.3,11.1,5.1,2.4,11.2,13.7
279,Brown,22,40.5,70.0,24.6,58.8,0.419,7.5,23.5,0.317,13.2,20.5,0.647,10.3,23.4,33.6,12.5,6.4,4.5,11.5,17.1
280,Northwestern State,25,39.9,69.8,24.8,57.6,0.431,6.8,21.5,0.317,13.4,20.1,0.669,9.8,20.9,30.7,11.9,6.6,3.3,13.0,18.3
281,Green Bay,26,40.4,69.7,24.8,54.2,0.457,9.2,26.1,0.354,10.9,14.8,0.738,7.3,23.0,30.3,12.8,4.7,2.2,11.3,17.2
282,Campbell,25,40.1,69.7,24.9,53.2,0.468,6.8,20.3,0.333,13.2,18.4,0.715,6.4,22.6,29.0,13.2,6.5,2.5,11.7,15.3
283,Idaho,24,40.2,69.7,25.3,56.5,0.447,7.8,23.2,0.338,11.3,15.6,0.725,9.8,22.2,32.0,12.8,5.9,3.5,10.4,17.5
284,East Tennessee State,25,40.0,69.6,24.0,60.7,0.396,7.5,25.7,0.293,14.0,19.9,0.706,12.4,23.9,36.3,11.2,7.1,5.0,11.5,18.2
285,Idaho State,25,40.6,69.6,25.5,55.6,0.458,6.5,20.1,0.322,12.2,17.8,0.684,8.8,21.0,29.8,12.5,7.0,3.8,10.8,16.4
286,Arizona State,24,39.9,69.6,25.0,59.8,0.418,7.0,22.9,0.305,12.7,19.4,0.655,6.8,23.8,30.7,12.1,8.6,3.7,10.0,16.3
287,Western Illinois,25,40.4,69.6,25.6,58.7,0.437,6.0,17.9,0.333,12.3,20.2,0.609,12.9,26.0,38.9,13.0,5.3,5.9,12.3,14.6
288,Alcorn State,24,40.0,69.5,25.0,58.1,0.431,4.9,14.8,0.333,14.5,21.1,0.688,9.1,21.6,30.8,10.8,7.5,1.6,10.8,17.5
289,East Carolina,24,39.9,69.5,24.4,58.5,0.416,6.5,21.6,0.301,14.2,20.4,0.696,10.5,21.7,32.2,11.3,8.1,2.6,10.3,15.7
290,Charleston Southern,23,40.0,69.4,24.5,56.5,0.433,6.8,19.8,0.342,13.7,18.1,0.755,8.4,22.9,31.3,10.3,3.9,3.1,12.2,16.8
291,Fresno State,24,40.3,69.4,25.5,53.6,0.476,7.0,19.8,0.352,11.3,17.0,0.667,7.0,22.5,29.5,13.2,6.3,2.8,12.8,15.1
292,Charlotte,23,40.4,69.3,24.5,53.8,0.456,6.4,20.1,0.32,13.9,18.3,0.756,7.5,23.3,30.8,13.6,5.6,3.7,9.3,15.4
293,Alabama State,24,40.1,69.3,24.7,64.8,0.381,6.8,23.5,0.291,13.1,18.3,0.717,11.7,24.4,36.1,10.6,8.8,3.8,11.4,19.3
294,Illinois-Chicago,25,39.9,69.2,25.6,57.0,0.45,8.6,23.5,0.364,9.4,13.9,0.674,7.1,23.9,31.0,14.2,5.4,5.6,12.4,17.6
295,Mercer,25,40.0,69.2,26.0,59.6,0.436,6.2,18.9,0.328,11.0,16.9,0.654,9.6,21.9,31.6,13.1,7.3,3.2,11.4,19.5
296,Maryland,24,40.6,69.1,23.0,56.5,0.408,6.3,21.6,0.291,16.7,23.5,0.711,11.0,22.8,33.7,10.7,6.8,5.0,11.6,17.2
297,Alabama A&M,24,40.2,69.0,22.9,55.5,0.413,4.3,14.9,0.289,18.9,26.5,0.713,9.6,22.0,31.7,9.9,7.6,3.7,15.8,21.7
298,California Baptist,23,40.0,69.0,23.5,57.0,0.412,6.9,21.1,0.325,15.2,22.5,0.675,10.8,24.1,34.9,10.9,4.5,2.7,10.8,16.0
299,Merrimack College,25,40.4,69.0,24.1,55.1,0.438,6.8,23.1,0.293,14.0,19.6,0.711,6.9,22.0,28.9,12.6,10.1,3.6,12.5,16.5
300,New Mexico State,24,40.5,68.9,24.0,56.8,0.423,6.4,19.6,0.328,14.5,20.5,0.707,8.2,25.0,33.2,11.4,6.7,2.8,12.7,20.6
301,UC Riverside,25,40.0,68.8,24.5,63.2,0.387,8.5,27.4,0.31,11.3,16.2,0.7,10.6,22.6,33.3,13.6,5.4,1.6,9.1,17.1
302,Oregon State,24,41.1,68.8,23.7,54.1,0.437,6.0,18.5,0.327,15.4,21.2,0.725,7.0,23.3,30.3,11.1,6.2,3.8,12.3,19.1
303,Southeastern Louisiana,25,40.2,68.7,24.0,55.0,0.436,7.2,20.9,0.343,13.6,18.6,0.727,8.9,22.5,31.4,14.6,6.9,2.2,13.3,16.1
304,N.J.I.T.,22,40.0,68.7,23.7,59.4,0.399,7.3,23.8,0.305,14.0,20.0,0.702,10.0,22.6,32.6,10.5,7.2,3.6,10.9,19.6
305,Southern Indiana,25,40.2,68.6,23.0,55.9,0.411,6.8,20.2,0.335,16.0,21.7,0.736,8.9,25.6,34.4,11.5,6.2,2.9,13.4,20.9
306,Utah Valley,24,40.2,68.6,24.0,56.8,0.423,5.0,18.0,0.278,15.6,22.6,0.69,8.7,24.5,33.2,14.9,7.2,4.2,12.5,18.5
307,Cal State Bakersfield,24,40.6,68.5,25.5,59.1,0.431,4.3,14.6,0.294,13.2,18.8,0.701,10.1,21.3,31.4,10.4,7.1,3.7,11.1,20.1
308,Eastern Illinois,25,40.0,68.4,25.7,61.0,0.422,5.4,17.6,0.308,11.6,15.8,0.734,9.4,22.6,32.1,13.1,8.1,2.6,10.0,17.4
309,Bellarmine,26,40.2,68.3,25.3,58.5,0.432,7.7,22.4,0.345,10.1,13.0,0.775,6.5,22.2,28.8,13.8,5.3,1.8,9.3,15.3
310,Texas State,25,40.0,68.3,25.2,57.2,0.441,4.6,14.4,0.323,13.3,19.5,0.68,9.7,23.6,33.4,12.3,7.0,3.6,13.0,17.9
311,Texas Southern,22,40.1,68.2,24.2,60.9,0.397,6.9,23.0,0.299,13.0,18.9,0.688,10.4,23.2,33.6,11.3,7.0,4.1,12.5,19.4
312,Florida A&M,22,40.5,68.1,25.8,59.0,0.437,6.5,17.9,0.36,10.1,15.1,0.672,8.8,24.0,32.9,15.3,5.5,2.6,14.1,19.2
313,Chicago State,28,40.2,68.1,23.6,55.8,0.423,6.3,19.8,0.316,14.7,20.9,0.703,10.2,19.8,30.0,11.0,8.8,3.3,13.0,17.4
314,Tennessee Tech,26,40.3,68.1,24.7,54.5,0.452,6.2,19.3,0.322,12.5,17.5,0.715,5.0,23.4,28.5,12.3,5.1,2.8,11.5,13.7
315,Towson,25,40.4,68.0,24.0,57.5,0.417,6.6,19.9,0.332,13.5,20.8,0.65,13.0,23.3,36.3,11.2,6.5,4.2,11.0,16.7
316,Valparaiso,25,39.8,68.0,24.7,60.8,0.407,7.1,21.9,0.325,11.4,15.9,0.72,8.9,22.5,31.4,12.0,6.2,4.0,10.7,16.6
317,West Virginia,24,40.1,67.9,23.2,56.1,0.413,6.8,20.8,0.328,14.8,20.5,0.72,7.9,23.3,31.2,12.5,4.4,3.6,11.8,14.6
318,Air Force,24,40.4,67.9,23.8,52.0,0.458,9.0,24.1,0.373,11.3,16.8,0.675,7.0,20.6,27.7,15.1,6.9,4.0,11.3,17.2
319,Maine,24,40.0,67.8,25.3,56.8,0.445,5.4,18.0,0.3,11.8,16.3,0.728,6.5,23.5,30.0,12.8,8.6,3.0,11.0,16.5
320,Southeast Missouri State,25,40.2,67.7,25.1,59.3,0.423,6.4,20.8,0.308,11.1,16.2,0.685,8.4,21.8,30.3,12.7,5.7,2.7,12.1,19.4
321,Eastern Michigan,24,40.4,67.5,25.7,58.5,0.439,5.8,18.6,0.311,10.4,15.5,0.67,8.5,21.6,30.1,10.5,5.7,2.2,11.2,16.4
322,Buffalo,24,40.2,67.5,24.8,59.6,0.415,6.8,25.2,0.268,11.2,16.1,0.697,9.3,22.8,32.1,12.6,6.0,4.5,13.9,15.4
323,Northern Arizona,25,39.9,67.4,24.6,56.6,0.434,6.3,20.2,0.311,12.0,17.7,0.681,6.5,21.5,28.0,13.6,5.8,3.2,12.4,18.5
324,Navy,23,40.4,67.4,23.4,59.1,0.397,5.7,19.7,0.288,14.9,21.0,0.708,9.9,21.7,31.6,12.2,7.8,1.7,9.8,18.3
325,North Texas,23,40.3,67.3,23.7,55.1,0.431,8.0,21.7,0.369,11.8,16.5,0.718,10.4,22.1,32.5,10.6,6.9,3.0,10.7,16.8
326,Manhattan,22,40.4,67.2,25.1,61.2,0.41,7.5,24.5,0.309,9.5,13.1,0.726,8.3,23.5,31.8,14.5,7.9,2.8,12.9,14.3
327,North Carolina A&T,25,39.9,67.1,23.2,58.4,0.397,6.4,21.3,0.299,14.3,20.3,0.706,7.2,20.0,27.2,10.9,5.8,3.5,8.6,15.6
328,Rutgers,23,39.9,66.9,24.0,61.4,0.391,5.7,19.5,0.29,13.3,20.1,0.66,11.3,24.5,35.9,11.8,7.1,5.3,11.3,16.5
329,Vanderbilt,24,39.8,66.9,22.9,57.8,0.396,6.8,23.7,0.285,14.4,20.3,0.708,9.0,22.0,31.0,9.6,6.1,3.1,9.7,14.8
330,Cal State Fullerton,24,40.2,66.8,22.3,52.8,0.422,6.0,18.9,0.316,16.2,22.7,0.714,7.9,22.0,29.9,8.8,7.0,2.9,12.8,17.9
331,Central Michigan,24,40.8,66.8,24.8,57.8,0.429,5.9,19.4,0.305,11.3,16.6,0.677,8.8,23.3,32.1,11.3,6.1,3.5,11.7,16.2
332,Holy Cross,25,40.1,66.3,24.7,55.9,0.442,7.5,20.9,0.358,9.4,14.4,0.652,7.0,22.6,29.6,11.1,4.1,3.4,11.4,16.2
333,UCLA,24,39.9,66.2,23.1,55.4,0.417,5.3,16.2,0.324,14.8,20.5,0.72,9.4,22.7,32.1,11.5,6.1,3.5,11.0,18.5
334,Grambling State,24,40.0,66.2,23.7,55.3,0.428,4.9,15.8,0.31,14.0,19.8,0.704,9.3,20.4,29.7,9.3,7.7,2.8,12.6,16.0
335,Bucknell,26,40.6,66.0,23.1,53.2,0.434,8.2,23.3,0.35,11.7,16.2,0.724,6.6,22.3,28.9,12.3,5.9,3.7,12.0,17.3
336,IUPUI,26,40.2,66.0,24.3,55.6,0.437,3.5,14.1,0.246,14.0,19.0,0.733,8.8,19.4,28.2,10.0,7.7,2.1,13.5,17.2
337,Illinois State,26,40.0,66.0,22.8,54.7,0.418,5.8,20.6,0.28,14.5,20.7,0.701,9.0,23.3,32.3,11.7,5.7,2.2,11.2,16.2
338,Long Island,23,40.2,65.9,23.9,57.2,0.417,5.8,18.5,0.313,12.4,18.2,0.68,7.3,24.0,31.3,12.3,6.3,3.0,13.9,19.1
339,Sacramento State,25,39.9,65.8,23.2,54.4,0.427,7.1,22.9,0.311,12.2,16.8,0.722,10.4,23.8,34.1,12.8,4.6,2.7,14.3,17.2
340,Virginia,25,39.8,65.6,24.8,55.0,0.451,6.7,17.7,0.378,9.4,14.4,0.657,7.4,21.8,29.2,16.0,7.8,4.9,7.8,13.8
341,St. Francis (PA),24,40.0,65.6,23.8,56.8,0.419,6.5,20.1,0.326,11.5,18.3,0.629,10.8,21.3,32.1,12.8,6.2,3.7,13.3,17.3
342,Maryland-Eastern Shore,21,40.7,65.5,23.1,58.8,0.394,6.1,20.3,0.303,13.0,17.9,0.729,9.6,23.4,33.0,11.3,6.9,2.4,12.8,17.7
343,Pacific,26,40.3,65.3,23.0,54.8,0.421,6.8,21.2,0.324,12.3,19.5,0.632,5.4,20.3,25.7,13.7,6.4,2.0,11.8,17.2
344,Marist,22,40.0,65.2,24.1,54.0,0.447,7.0,19.9,0.355,9.9,14.5,0.682,6.0,23.0,29.0,12.1,7.6,3.0,11.3,16.1
345,Lindenwood,25,40.2,65.1,22.4,55.3,0.406,4.4,16.4,0.27,15.8,21.4,0.74,7.6,22.2,29.8,7.9,6.3,2.4,11.4,17.5
346,Detroit-Mercy,26,40.4,64.6,23.4,57.2,0.41,5.8,21.2,0.272,12.0,16.5,0.725,8.1,19.4,27.5,10.2,6.7,2.4,12.5,17.5
347,Boston University,25,39.9,64.5,23.0,56.5,0.406,7.6,23.4,0.324,11.0,16.3,0.678,8.0,24.9,33.0,12.7,6.8,2.6,11.1,17.0
348,Saint Peter's,22,40.1,64.5,21.7,55.8,0.388,5.8,19.0,0.305,15.3,21.4,0.717,10.9,21.1,32.0,10.9,7.6,3.5,11.5,19.7
349,Wagner,22,40.4,64.5,23.0,58.0,0.397,7.8,23.0,0.337,10.6,15.1,0.702,9.7,22.7,32.4,13.5,6.2,2.0,8.9,15.3
350,DePaul,23,40.0,64.0,22.3,53.1,0.42,6.1,18.2,0.335,13.3,18.5,0.72,5.3,21.0,26.3,12.3,5.2,3.5,12.7,15.8
351,Loyola (MD),25,40.4,63.8,23.2,54.7,0.423,7.2,21.7,0.332,10.3,16.0,0.647,8.1,22.5,30.6,13.0,6.0,2.2,13.6,16.2
352,Middle Tennessee State,24,40.6,63.6,22.7,56.2,0.404,6.6,23.0,0.286,11.6,17.5,0.663,9.5,22.2,31.7,9.5,5.9,4.5,14.0,15.5
353,Lafayette,25,40.8,63.4,23.7,57.1,0.415,6.9,22.5,0.308,9.1,13.3,0.684,7.0,23.4,30.3,13.3,6.6,4.3,11.4,15.9
354,Stonehill,26,40.2,63.3,22.8,57.6,0.396,8.3,27.0,0.308,9.4,13.5,0.696,6.9,22.8,29.7,11.4,7.0,2.4,13.7,15.7
355,Cal Poly,25,40.6,62.9,22.3,55.7,0.401,5.9,18.4,0.321,12.3,17.5,0.703,7.2,21.1,28.3,10.0,6.0,4.0,12.9,19.5
356,Notre Dame,24,40.3,62.0,22.1,55.0,0.402,7.3,24.1,0.303,10.5,14.5,0.724,8.7,24.9,33.5,9.8,5.9,2.6,12.0,14.9
357,Army West Point,25,40.6,61.0,22.2,55.1,0.404,8.0,25.1,0.32,8.4,14.2,0.594,8.4,22.9,31.3,12.6,5.9,4.1,11.4,16.2
358,Siena,24,40.0,60.4,22.0,55.1,0.399,5.0,18.5,0.27,11.5,18.0,0.639,10.5,22.8,33.3,10.4,5.3,4.2,16.0,15.5
359,Dartmouth,20,40.0,60.2,21.3,53.9,0.396,6.7,23.6,0.282,10.9,15.5,0.703,6.7,25.1,31.8,11.6,4.5,3.7,11.9,14.6
360,Coppin State,21,40.4,56.8,20.2,54.5,0.37,4.7,17.9,0.263,11.7,16.6,0.705,8.3,19.4,27.7,8.4,7.9,2.8,15.3,17.9
361,Mississippi Valley State,24,40.1,54.3,19.8,52.2,0.379,4.0,14.9,0.271,10.8,16.7,0.646,8.5,18.7,27.1,8.4,6.3,2.2,15.3,18.4
