,Rk,Team,Conf,G,Rec,AdjOE,AdjDE,Barthag,EFG%,EFGD%,TOR,TORD,ORB,DRB,FTR,FTRD,2P%,2P%D,3P%,3P%D,3PR,3PRD,Adj T.,WAB
0,1,Houston,B12,24,21-3  8–3,118.4,85.7,.9763,49.4,43.2,13.5,25,39.1,28,29.3,40.9,48,43.3,34.6,28.7,35.1,42.5,63.6,5.8
1,2,Purdue,B10,24,22-2  11–2,126.8,93.2,.9718,56.4,47.1,16.3,14.4,36.8,23.9,42.8,22.5,54.3,47.4,40,31,36.1,38,68.3,8.5
2,3,Connecticut,BE,24,22-2  12–1,124.3,94.7,.9580,57.2,44.8,15.4,16.9,36.4,27.1,35.1,35.1,59.2,43.3,36.3,32.1,41,31.5,64.9,6.7
3,4,Arizona,P12,24,19-5  10–3,122.3,94.9,.9483,54.7,49.5,15.8,18.9,37.3,23.1,35.9,25.4,54.5,47.8,36.8,34.7,31.8,39,72.6,4.7
4,5,Auburn,SEC,24,19-5  8–3,118.7,92.3,.9478,52.6,43.5,14.8,19,34.4,29.6,38.4,37.6,54.7,42.5,32.9,30.1,38.2,35.7,70,3
5,6,Iowa St.,B12,24,19-5  8–3,115.9,90.1,.9476,53.3,47.9,15.8,26.3,33.2,29.1,38.4,34.6,53.3,45.6,35.5,33.9,31.9,45.2,68.3,3.4
6,7,Alabama,SEC,24,17-7  9–2,126.9,100.1,.9385,57.2,49,16.7,16.4,35.4,29.2,36.4,37.9,57.1,49.8,38.2,31.7,48.1,36.6,72.4,3.2
7,8,Tennessee,SEC,23,17-6  7–3,118.3,93.8,.9354,52,44.9,14.5,18.5,32.8,29.3,34,36.6,52.5,43.8,34.2,31,41.3,39.6,69.2,3.6
8,9,BYU,B12,24,18-6  6–5,121.4,97.1,.9289,56.2,46.9,15.6,16.7,33.3,23.9,24.3,29.8,58.4,48.1,36,29.7,50.4,34.9,69.3,2.1
9,10,Marquette,BE,24,19-5  10–3,117.8,94.6,.9263,55.2,49.6,14.7,22.2,26.7,29.5,26.1,27.1,57.2,48.9,35,33.6,41.7,42.6,69.6,4.8
10,11,Illinois,B10,24,18-6  9–4,122.6,98.5,.9252,53.2,45.9,15.5,13.1,36.2,25.5,34.5,25.5,54.2,44.9,34.6,32.3,39.6,27.6,70.1,2.5
11,12,Kansas,B12,24,19-6  7–5,117.1,94.8,.9188,54.9,46.9,16.4,17.4,25.5,26.8,31.7,28.5,55.8,45,35.3,33,30.3,40.6,68.8,3.9
12,13,Saint Mary's,WCC,25,20-6  11–0,114.3,92.6,.9182,51.4,44.3,16.1,17.7,39.1,23.4,28.1,33.2,52.2,42.9,33.4,31.6,37.6,29.6,62.3,0.4
13,14,North Carolina,ACC,25,19-6  11–3,116.6,94.7,.9157,51.3,46.6,14.5,15.6,33,24.4,38.1,28.1,50,47.3,35.7,30.4,35.9,36.6,70.6,3.7
14,15,Michigan St.,B10,24,15-9  7–6,117.6,96.1,.9114,53.2,46.8,14.7,18.6,29.4,29.2,31.6,32,52.2,46.3,37.1,31.6,30.9,43.5,65.5,0.3
15,16,Baylor,B12,23,18-6  7–4,122.3,100.4,.9061,56.6,50.6,17.4,18.2,35.8,28,39.6,31.6,53.4,51.4,41.2,32.8,37.9,34.8,66.1,3.4
16,17,Duke,ACC,24,19-5  10–3,118.8,97.9,.9026,54.8,49,13.8,17.3,29.3,24.7,35.5,27.3,54.6,49.4,36.8,32.3,36.8,37.8,68,2.4
17,18,Creighton,BE,25,18-7  9–5,118.1,97.8,.8971,57.6,45.9,15.3,11,26,24.8,25,16.3,60.6,44.6,36.3,33,48.5,26.8,66.9,2.2
18,19,Florida,SEC,24,17-7  7–4,120.5,99.9,.8966,51.3,48.7,16.6,14.8,40.2,28.5,36.7,32,51.9,48,33.4,33.4,34.7,32.2,71.2,1.9
19,20,Gonzaga,WCC,23,18-6  8–2,117.7,97.6,.8963,55.3,46.3,14.6,16.7,33.8,25.7,32.1,26.2,57.7,45,33.5,32.3,32.6,37.4,69.8,0.4
20,21,Wisconsin,B10,25,17-8  9–5,118.2,98.4,.8918,52.3,51.4,15.4,16.9,30.9,23.8,35.1,30,53,49.5,34.1,36.6,35.3,35.3,64.9,2.7
21,22,Texas,B12,24,16-8  5–6,118.5,98.6,.8917,54.6,48.1,17.4,19,31.4,29.9,29.4,31.4,53.5,46.4,37.7,34.5,34.7,32.2,66.7,0.7
22,23,New Mexico,MWC,24,20-5  8–4,116.4,97.0,.8909,52.7,48.2,14,20.4,32.7,27.1,34.4,34.9,52.6,49.1,35.3,31,29.7,35.1,73.4,1.5
23,24,Texas Tech,B12,24,18-6  7–4,120.0,100.2,.8885,53.8,48.7,15.9,17.6,30.9,30.4,33.5,25.3,52.2,48.1,37.5,33,40.8,39.4,65.8,2.3
24,25,Kentucky,SEC,24,17-7  7–4,122.2,102.4,.8838,56.7,48.6,13.4,16.4,28.9,30.2,29.1,32.2,54.1,49,40.7,32,36.9,41,72.4,0.9
25,Rk,Team,Conf,G,Rec,AdjOE,AdjDE,Barthag,Efg%,EfgD%,TOR,TORD,ORB,DRB,FTR,FTRD,2P%,2P%D,3P%,3P%D,3PR,3PRD,Adj,WAB
26,26,San Diego St.,MWC,23,19-6  8–4,112.7,94.6,.8826,51.1,47.9,16.2,18.7,30.9,27.4,39.7,33.2,52.4,49.6,32.6,30.4,37.9,40.9,67.2,3
27,27,Dayton,A10,24,20-4  10–2,117.6,98.9,.8800,55.8,46.8,15.1,15.9,27.3,29.9,37.5,20.1,53.5,47,39.2,30.9,44.3,38.7,63.4,3.6
28,28,Mississippi St.,SEC,24,16-8  5–6,111.6,93.9,.8796,51.1,46.4,18.6,18.1,34.4,26.4,36.2,31.6,53.5,48.8,31.6,28.8,39.8,41.9,68.1,1.1
29,29,St. John's,BE,25,14-11  6–8,116.5,98.0,.8794,49.5,48.6,16.7,18.8,39.2,31,27.3,34.8,49.6,47.9,33,33.3,33.3,35.5,69.2,-0.6
30,30,Wake Forest,ACC,24,16-8  8–5,116.1,98.3,.8709,54.5,47.9,15.5,16.4,26.4,25.6,32,30.3,53.5,48.2,37.3,31.7,38,31.9,68.9,-0.2
31,31,Clemson,ACC,23,16-7  6–6,118.3,100.4,.8683,53.9,48.6,15.1,13.7,29.6,25.4,30.4,32.3,54.4,47.3,35.4,33.8,38.7,40,67,1.9
32,32,Villanova,BE,24,13-11  6–7,113.0,95.9,.8682,50.2,48.5,14.6,16.7,27.6,25.1,28.4,27.7,50.5,48.5,33.3,32.3,47.2,42.4,64.2,-1.3
33,33,Colorado,P12,24,16-8  7–6,116.1,99.0,.8615,54.9,49.8,18.5,16.3,32.4,23.5,37.3,29.6,53.6,49.1,38.7,34,29.6,35.2,69.3,-0.1
34,34,Oklahoma,B12,25,18-7  6–6,112.9,96.5,.8584,53.8,45.7,18,17,30.5,25.2,37.5,32.1,55.3,47.1,34.3,28.9,38.1,37.1,67.6,1.7
35,35,TCU,B12,24,17-7  6–5,116.5,99.7,.8574,53.9,49.9,17.8,21.1,35.5,28.2,35,33.3,54.1,50.2,35.5,32.9,29.7,35.1,70,1.4
36,36,Northwestern,B10,24,17-7  8–5,117.1,100.4,.8539,53.8,51.9,13.6,20.2,25.9,28.6,28.8,41.1,50.7,50.8,39.5,35.8,36.8,38.3,64.4,1.8
37,37,SMU,Amer,23,17-7  8–3,114.1,97.9,.8537,52.5,44.7,17,19,37.9,31.6,27.1,30.6,52.6,44.9,35,29.6,35.4,37.9,67.4,-1.2
38,38,Colorado St.,MWC,23,19-6  7–5,115.0,98.8,.8525,56.2,50.1,15,18,22.9,28,31.4,28.5,58.1,49.7,35.4,33.9,38.8,34.8,66.1,1.9
39,39,Utah,P12,24,15-9  6–7,114.7,98.8,.8478,54.1,49,16.5,15,28.5,26.8,27.6,25,53.8,46.4,36.5,35.7,38.9,37.1,69.9,0.3
40,40,South Carolina,SEC,24,21-3  9–2,114.3,98.6,.8452,51.8,46.6,15.9,15.4,33.8,27.3,31,29.5,52.1,45.6,34.3,32.5,43.4,31.4,62.9,3.8
41,41,Virginia,ACC,25,19-6  10–4,109.3,94.3,.8450,51.1,46,13.3,21,26.3,28.7,26.1,26.9,48.5,45.1,37.8,31.5,32.2,40.4,60.4,1.3
42,42,Washington St.,P12,24,18-6  9–4,112.8,97.4,.8441,52.7,46,15.3,15.9,31.5,25.4,32.5,33.3,52.8,45,35,32,31.4,32,65.4,1.7
43,43,Utah St.,MWC,22,20-4  8–3,114.6,99.0,.8428,53.8,49,16,17.1,30.1,24.3,38,32.7,57.4,52.4,30.8,28.8,32.2,36.6,69.2,2.5
44,44,Xavier,BE,24,13-11  7–6,113.1,97.8,.8420,49.1,47.5,16.3,16.1,33.1,29.3,31.8,30.6,47.8,46.6,34.6,32.7,32.8,35.3,70.8,-0.8
45,45,Cincinnati,B12,24,15-9  4–7,110.6,95.6,.8414,50,46.9,17.4,17,38,24.7,30.1,27.6,50.3,46.2,33.1,32.2,35.2,34.5,67.6,-0.5
46,46,Indiana St.,MVC,25,22-4  13–2,117.6,101.9,.8391,59.7,49.1,16.5,16.1,23.7,24,34.1,25.9,62,49.4,38.3,32.4,50.7,33.8,71,2.2
47,47,Nebraska,B10,25,17-8  7–7,115.8,100.4,.8378,53.1,47.2,16.4,16.6,28.4,30.8,33.9,25.9,51.8,45.2,36.5,33.2,44.3,42.2,68.6,0.8
48,48,Nevada,MWC,24,19-6  6–5,113.0,98.3,.8321,52.1,47.9,14.4,17.8,27.6,28,45.6,32.8,52.6,48.4,34.1,31.6,31.1,41.3,66.8,0.9
49,49,Butler,BE,24,16-9  7–7,115.9,100.8,.8317,52.2,49.5,14.7,15.9,28.7,28.9,29.8,23,51.7,50.2,35.4,32.2,36,38.4,68.8,0.9
50,50,Boise St.,MWC,22,16-8  7–4,112.6,98.3,.8267,50.9,49.7,17.1,17.2,31.4,24.2,34.8,33.2,50.5,52.5,34.4,29.6,39,35.1,66.8,0.4
51,Rk,Team,Conf,G,Rec,AdjOE,AdjDE,Barthag,Efg%,EfgD%,TOR,TORD,ORB,DRB,FTR,FTRD,2P%,2P%D,3P%,3P%D,3PR,3PRD,Adj,WAB
52,51,Texas A&M,SEC,24,15-9  6–5,114.1,99.8,.8247,45.5,48.8,14.5,17.3,43.1,28.3,37.8,31.5,47.9,47.4,27.7,33.6,38.5,44.1,64.7,0.2
53,52,Mississippi,SEC,24,18-6  5–6,116.4,101.8,.8238,51.9,49.2,14.9,19.1,29.6,34.9,31.7,28.6,49.3,49.3,38,32.7,33.1,37.4,66.6,2.2
54,53,Florida Atlantic,Amer,24,19-5  9–2,117.1,102.5,.8217,55.1,49.5,15.8,17.7,34.5,29.9,32.7,25.6,55.3,49.4,36.6,33.2,39.1,35.9,67.6,1.7
55,54,North Texas,Amer,21,13-10  6–5,110.0,96.6,.8165,50.3,45.9,19,19.8,35.7,32.6,28.6,37.7,47.3,45.4,36.7,31.3,38.7,35.8,60.5,-3.8
56,55,Providence,BE,25,16-9  7–7,107.3,94.3,.8152,52.2,46.3,17.8,18.1,25.8,27.8,33.3,26.7,54.8,45,32.5,32.5,42.4,33.3,68.7,0.1
57,56,Drake,MVC,25,21-5  12–3,114.0,100.2,.8142,54.9,50.3,14.5,17.9,24.8,22.1,31.6,30.2,56.6,51.2,35,32.6,39.8,40.1,67.9,0.4
58,57,Bradley,MVC,24,17-8  9–5,114.5,100.9,.8100,56.3,48.9,18.2,19,29.2,28.4,27.1,34.1,56.1,47.6,37.7,34.1,42.1,37.6,66.3,-2.4
59,58,UCF,B12,23,13-10  4–7,105.2,93.1,.8035,47.7,46.7,18.2,21.2,33.4,26.3,36.7,38.2,47.7,44.8,31.8,33.2,37.5,38.1,68.8,-1.7
60,59,Virginia Tech,ACC,24,14-10  6–7,114.4,101.2,.8034,54.1,50.4,17.4,17.7,26.2,26.7,34.5,30.4,53.5,50.1,36.5,33.9,42.6,34.8,67.5,-1.5
61,60,Ohio St.,B10,25,14-11  4–10,115.1,101.9,.8029,50.4,49.3,15.2,15.7,32,28.4,32.9,28.8,50.3,47,33.8,35.8,35.7,33.4,65.2,-2.6
62,61,Seton Hall,BE,24,15-9  8–5,111.8,99.1,.7988,49.7,48.7,19.4,17.6,37.5,29.1,31.1,26.9,50.6,47.1,31.8,33.9,30.1,42.1,65.7,-0.5
63,62,Oregon,P12,24,16-8  8–5,114.0,101.2,.7963,52.5,51.2,15.1,18.3,28.8,27,34.4,34.2,51.2,50.7,36.5,34.9,37.6,34.7,68,-0.3
64,63,Pittsburgh,ACC,24,16-8  7–6,112.5,100.0,.7955,50.9,48,14.5,16.7,32.3,23.7,32.5,28.7,50.4,49.9,34.4,30.1,44.9,39.8,66.3,-0.8
65,64,Washington,P12,24,13-11  5–8,115.2,102.4,.7951,53.4,49.9,16.3,16,28.6,29.4,34.3,34.6,54.6,49.5,34,33.8,35.6,34.6,70.8,-2.5
66,65,Miami FL,ACC,24,15-9  6–7,112.8,100.3,.7949,54.3,49.5,17.6,17,29.1,27.2,27.2,21,53.9,52.4,36.6,30.7,39,44.8,69.5,-1.3
67,66,Iowa,B10,24,14-10  6–7,118.3,105.2,.7948,53.1,51.4,13.6,17.5,29.2,30.8,31.6,31.3,53.9,50.8,34.1,35,29.8,36.5,72.4,-1.2
68,67,Richmond,A10,23,17-6  9–1,106.7,95.5,.7818,52.9,45.7,12.6,17.1,17.1,26.3,27,25.8,51.9,46.2,36.4,29.9,35.9,41.5,67,-0
69,68,Maryland,B10,24,13-11  5–8,103.7,92.8,.7803,46.4,45.4,18,19.5,33.3,29.6,41.6,31.4,48.1,43.8,29.1,33.1,38.3,28.7,65.4,-2.4
70,69,Louisiana Tech,CUSA,21,16-8  6–3,109.1,97.7,.7789,50.8,45.2,19.1,17.6,33.4,28,42.6,31.3,49.5,43.3,35.4,32.6,36.4,34.5,65.7,-3.1
71,70,Grand Canyon,WAC,23,22-2  12–1,110.9,99.5,.7770,51.9,46.3,18.4,20.2,35.3,28,46.9,34,52.5,45.6,33.8,31.8,34.7,33.7,68.9,2.1
72,71,Kansas St.,B12,24,15-9  5–6,106.0,95.3,.7711,49.7,46.1,21.5,17.4,34.1,30.8,35.3,30.9,52.1,45.7,31,31.2,42.1,37.9,67.1,-0
73,72,Stanford,P12,23,12-11  7–6,113.2,102.0,.7678,55.8,50.5,18.1,14.8,23.7,25.8,27.7,26.4,53.6,49.9,39.3,34.4,41.4,36.7,70.1,-4
74,73,Samford,SC,23,22-3  11–1,113.5,102.5,.7624,57.6,50,18.2,22.6,31.4,31.6,32.7,36.2,55.1,48.8,40.9,34.5,39.9,39.7,73,1
75,74,LSU,SEC,24,12-12  4–7,112.4,101.5,.7618,53,49.3,18.3,18.8,30.1,32.1,38.4,33.3,52.7,48.2,35.7,33.9,38.3,42.7,70.4,-2.9
76,75,James Madison,SB,24,22-3  9–3,109.4,98.9,.7610,53.5,46.5,14.7,20.8,32.1,27.6,30.7,35.6,54.4,48.6,34.7,28.3,37.7,34.3,71,0.7
77,Rk,Team,Conf,G,Rec,AdjOE,AdjDE,Barthag,Efg%,EfgD%,TOR,TORD,ORB,DRB,FTR,FTRD,2P%,2P%D,3P%,3P%D,3PR,3PRD,Adj,WAB
78,76,Georgia,SEC,24,14-10  4–7,110.7,100.1,.7610,50.1,49.3,16.5,17,27.6,30.5,39.6,29.4,48.7,50.2,34.8,32,40.1,37.6,69.1,-1.7
79,77,North Carolina St.,ACC,24,15-9  7–6,109.5,99.5,.7502,49.7,48.9,13.6,19,27.7,28.9,29.6,36.2,49.8,47.8,32.9,33.9,34.6,35.7,68.7,-1.4
80,78,Yale,Ivy,20,16-6  7–0,110.7,100.7,.7497,51.5,50,14.5,16.1,29.5,23.5,27.5,27.3,51.3,48.5,34.5,34.8,35.2,40.4,65.5,-1.3
81,79,Princeton,Ivy,18,17-3  5–2,114.9,104.4,.7496,55,50.3,13.1,16.3,24.4,25.7,27,24,56.8,50.8,35.5,33,49.8,37.4,64.5,1.1
82,80,Florida St.,ACC,24,13-11  7–6,109.2,99.4,.7456,50.1,50.8,16.7,20.7,28.6,31.4,37.9,43.7,51.1,50.5,32,34.3,32,38.9,71,-2.6
83,81,UNLV,MWC,20,13-9  6–4,113.6,103.6,.7439,52.4,51.4,14.7,18.8,27.9,32.6,29.7,30.4,53.6,51.1,33.4,34.6,35.3,36.7,65.7,-2.4
84,82,VCU,A10,24,16-8  8–3,107.7,98.1,.7437,52.2,44.5,18.4,16,27.8,26.8,35.8,35,51.2,45.2,35.7,28.7,43,35,65.4,-2.3
85,83,Minnesota,B10,23,15-8  6–6,109.4,99.8,.7426,54.4,47.6,18,16.6,31.9,28.4,34.8,29,56.1,46.3,34.7,33.9,40,28.8,67.1,-1.6
86,84,Charlotte,Amer,22,15-8  9–2,110.7,101.1,.7376,50.9,47.4,15.7,15.2,27.1,28.3,34.6,30.2,53.2,48.5,31.4,30.4,37.1,36.4,62.7,-2.3
87,85,McNeese St.,Slnd,21,22-3  11–1,112.5,102.8,.7367,54.9,47.8,14.2,22.5,30.7,30.5,39.6,34.6,51.8,45.3,40.6,33.8,33.5,47.7,65.7,0.4
88,86,Syracuse,ACC,24,16-9  7–7,108.7,99.5,.7343,50.3,52.3,16.2,20.8,24.7,31.9,34.9,26.3,50.9,52.9,32.7,34.2,35,37.4,70.8,-0.1
89,87,Penn St.,B10,24,12-12  6–7,110.9,101.5,.7342,50.6,50.7,15.2,21.7,26.8,32.8,35.1,35.1,52,52.7,32.3,31,40.2,32.9,70.3,-3.8
90,88,San Francisco,WCC,25,20-6  9–2,108.6,99.5,.7319,55.1,49,17.7,20.9,31,23.3,26.2,37.2,58.1,48,33.7,33.7,39.9,38.7,67.4,-1
91,89,UC Irvine,BW,24,18-7  11–2,107.0,98.1,.7306,51.7,45.5,17.4,17.9,30.4,28,31.5,34.2,50.7,43.4,36.2,33.3,27.8,31.2,68.2,-1.6
92,90,Indiana,B10,24,14-10  6–7,110.0,100.9,.7306,51.9,48.9,17.2,15.4,27.4,30.4,40.7,33.1,53,47.4,32.8,34.1,27.8,40.5,68.6,-0.5
93,91,St. Bonaventure,A10,23,14-9  5–6,111.5,102.2,.7297,52.2,50.1,15.9,19.4,31.5,27.6,29.2,34.8,51.2,52,35.9,31.5,37.3,39.5,66,-3.2
94,92,Rutgers,B10,23,13-10  5–7,98.3,90.3,.7273,43.7,45.5,16.8,21.7,31.5,30.6,32.7,31.5,43.7,45.6,29,30.3,31.7,39.4,68.3,-1.1
95,93,Memphis,Amer,24,18-6  7–4,111.5,102.4,.7263,52.9,48.8,18.3,19,32.4,33.2,38.4,31.3,52.7,47.3,35.4,33.9,38.4,42.7,71.8,0.4
96,94,George Mason,A10,24,17-8  6–6,111.1,102.4,.7188,53.2,47.7,17.5,15.6,31.3,27.1,37.4,31.7,52.7,44.7,36.1,34.6,37.9,41.2,64.6,-2.5
97,95,Saint Joseph's,A10,24,16-8  6–5,112.6,103.9,.7178,54.5,48.9,16.3,17.8,29.8,29.7,28.8,30.4,53.3,47.8,37.2,33.5,47.2,45.6,69.2,-2.8
98,96,UCLA,P12,23,13-11  8–5,105.2,97.2,.7135,46,48.8,17.2,18.7,30.9,27.4,37.8,35.4,44.9,48.8,32.5,32.4,28.9,43.1,64,-2.9
99,97,Cornell,Ivy,19,17-4  6–1,114.2,105.7,.7076,57.6,51.6,17.9,19.3,26.7,31.9,29.2,32.1,63.9,54.4,33.8,31.9,47.4,42.1,71.9,-0.1
100,98,Michigan,B10,25,8-17  3–11,113.3,105.1,.7034,52.3,52,17.9,13.9,31.8,31.2,32.2,29.5,51,50.8,36.3,36.2,38.5,32.9,67.3,-6.2
101,99,Loyola Chicago,A10,23,17-7  9–2,105.7,98.1,.7018,52.7,46.7,18.3,17,24.7,25.4,33,35.9,52.5,42.7,35.3,35.7,40.6,36.6,68.6,-1.8
102,100,Boston College,ACC,24,14-10  5–8,112.2,104.1,.7017,52.9,50.8,15.1,17.1,26.4,26.9,27,27.1,52.6,49.8,35.7,34.9,36.5,37,67.9,-2.7
103,Rk,Team,Conf,G,Rec,AdjOE,AdjDE,Barthag,Efg%,EfgD%,TOR,TORD,ORB,DRB,FTR,FTRD,2P%,2P%D,3P%,3P%D,3PR,3PRD,Adj,WAB
104,101,UNC Wilmington,CAA,21,18-6  9–3,114.2,106.5,.6913,50.8,51.1,12.6,16.2,29.4,29.3,33,33.6,51.2,49.8,33.5,35.6,39.9,37.5,65.8,-1.3
105,102,California,P12,24,10-14  6–7,110.1,102.8,.6879,49.9,50.8,16.5,14.5,29.8,25.5,30.5,33,48.7,49.5,34.3,35.3,41.4,36.4,67.9,-6.2
106,103,Massachusetts,A10,23,15-8  6–5,111.9,104.5,.6865,51.5,49,15.7,19.8,37.4,30.4,36.4,39.8,53.2,46.9,32,35,33.1,38.1,69.3,-3.7
107,104,Akron,MAC,22,18-6  10–1,107.5,100.4,.6854,52.4,48.8,17,17.8,30,25.6,34.7,29.7,54.3,50.1,33.1,31.1,42,36.1,65.3,-1.8
108,105,Southern Illinois,MVC,24,16-9  8–6,110.6,103.4,.6851,53.7,49.2,17.5,16.4,26.6,26,37.7,36.2,53.9,51.5,35.6,29.2,43,30.1,64,-4.2
109,106,UC San Diego,BW,22,15-9  9–3,113.2,105.9,.6819,52.8,50.5,14,17.7,26.5,29.1,32,28.5,52.8,49.3,35.2,35.2,42.8,34.9,65.1,-4.8
110,107,Appalachian St.,SB,23,20-5  10–2,105.8,99.0,.6812,52.4,46,15.4,15.4,29.1,27.4,32.5,21.2,54.9,44.4,31.5,32.8,33.1,32.8,67.4,-0.8
111,108,Duquesne,A10,23,14-10  4–7,106.2,99.5,.6812,49.5,48.5,17,18.9,30,31,34.7,36.7,50,47.8,32.5,33.1,41,34.1,67.2,-3.6
112,109,USC,P12,24,9-15  3–10,109.8,103.2,.6722,51.3,50.2,18.4,18.3,30.8,32.6,33.8,30.4,50.4,46.9,35.2,37,37.5,39.1,69,-6.4
113,110,Western Carolina,SC,22,18-7  7–5,108.3,101.8,.6704,51.5,47,14.2,13.2,28.6,24.4,27.4,31.8,49.3,45.2,36.9,34.5,36.2,28.4,67.7,-3.7
114,111,Oklahoma St.,B12,24,10-14  2–9,105.7,100.0,.6544,50.8,50.7,19,17.1,27.8,25,33.9,27.4,50.7,50.4,34,34.2,44.6,31.3,67.5,-5.8
115,112,Liberty,CUSA,22,16-9  5–5,109.8,104.0,.6509,53.9,50.2,15,17.6,25,25.8,25.6,31.5,55,51.3,35,32,46.4,32.9,64.8,-4
116,113,Louisiana Lafayette,SB,23,16-9  8–4,108.0,102.3,.6503,52.4,50.2,17,20.9,31.3,32.4,28.6,40.9,51.9,55.2,35.6,26.4,36.6,32.2,68.1,-4.7
117,114,Murray St.,MVC,24,10-15  7–7,108.4,102.8,.6485,50,52.7,14,18.8,26,26.3,30,28.1,51.1,52.9,31.9,35,36.6,42.3,64.9,-9.4
118,115,Davidson,A10,22,14-10  4–7,105.0,99.7,.6458,49.1,49.3,15.7,17.2,26.7,26.2,33.9,30.2,50.8,49.3,31.1,32.8,41.5,42.3,65.7,-4.4
119,116,Seattle,WAC,23,14-10  7–6,105.1,100.2,.6347,50,46.6,19,18.1,30.3,26.4,37.8,38.2,49.9,47.6,33.4,29.9,37.2,35.2,67.3,-5.7
120,117,Morehead St.,OVC,21,20-5  11–1,108.2,103.1,.6337,53.6,45.8,19.2,15.3,33.3,27,32.4,34.6,55.9,46.2,33.7,30,43.6,30.8,65,-1.1
121,118,Troy,SB,22,17-8  10–2,107.1,102.1,.6328,49.4,49.3,19.3,20,36.1,29,40.3,37.8,47.2,46.9,35.2,35.9,40.1,35.4,69.6,-4.4
122,119,Arizona St.,P12,24,12-12  6–7,103.3,98.7,.6292,47.6,50.6,14.5,19.8,21.1,29.8,32.5,29.7,48.8,51.6,30.5,32.7,38.4,39.3,69.7,-3.3
123,120,College of Charleston,CAA,24,18-7  9–3,112.6,107.7,.6260,51.5,50.9,14.3,15.6,33.5,27.1,28.3,29.3,53.6,50.9,32.8,33.9,47.9,35.9,71,-3
124,121,High Point,BSth,24,21-5  10–1,115.4,110.4,.6257,52.2,50.7,15.8,13.9,36.7,24.2,46.8,37.1,53.5,49.9,33.3,34.9,38,32.3,68.4,-1.6
125,122,Arkansas,SEC,23,12-11  3–7,106.7,102.1,.6241,49.9,49.5,16.5,15,25.9,29,45.7,35.1,50.8,47.6,32.1,35.2,32.2,35.6,70.4,-3.2
126,123,Eastern Washington,BSky,22,16-8  10–1,110.0,105.4,.6202,56.4,51.1,19.8,16.2,26.3,26.6,38,34.2,56.3,51.5,37.8,33.6,43.1,41.9,70.5,-2.2
127,124,Vermont,AE,23,19-6  9–1,105.9,101.7,.6159,52.5,47.8,13.6,14.1,22.3,23.2,26.3,24.7,54.1,46.7,33.6,33.1,43.9,35.9,63.2,-2
128,125,UAB,Amer,23,16-8  8–3,110.9,106.5,.6154,49.1,50.8,17.1,16.3,35.4,31.1,40,31.4,49.8,50.3,31.6,34.4,31.4,36.9,67.8,-1.9
129,Rk,Team,Conf,G,Rec,AdjOE,AdjDE,Barthag,Efg%,EfgD%,TOR,TORD,ORB,DRB,FTR,FTRD,2P%,2P%D,3P%,3P%D,3PR,3PRD,Adj,WAB
130,126,South Florida,Amer,22,17-5  10–1,108.4,104.3,.6111,51,48.4,15.4,18.8,28.7,29.6,36.7,33.8,49.1,48.9,35.7,31.7,41.4,38.1,67.9,-0.8
131,127,Northern Iowa,MVC,24,13-12  7–7,107.4,103.4,.6084,51.5,52.4,15.6,16.5,22.9,22.7,35.6,31.4,51.7,52.1,34.1,35.1,37.7,40.7,66,-5
132,128,Drexel,CAA,24,15-10  8–4,106.9,102.9,.6079,49.6,46.6,16.8,13.5,34.8,25,29.2,26.7,50.2,46.2,32.2,31.6,32.2,36.8,64,-5.5
133,129,Youngstown St.,Horz,22,18-8  10–5,108.5,104.8,.5994,50.9,49.3,15.3,16.7,32.9,28,29.6,31.2,52.1,47.5,32.9,35.1,42.7,35.5,69.3,-4.4
134,130,Santa Clara,WCC,24,15-10  6–4,109.1,105.5,.5954,53.1,48.3,19.2,14.9,34.4,28.2,31.1,34.1,53.1,48.2,35.5,32.3,39.1,38.5,69.1,-3
135,131,Western Kentucky,CUSA,21,17-7  6–4,104.7,101.4,.5909,51.6,47.7,18.7,18.5,28.8,27.4,31.4,31.9,51.4,49.1,34.6,30.3,30.2,39.2,75.3,-3.5
136,132,St. Thomas,Sum,23,16-10  6–5,107.9,104.6,.5900,53.9,51.1,15,18.8,24.5,27.4,30.8,29.5,55.3,51.5,34.9,33.7,47,38.7,63.4,-6.7
137,133,Tulane,Amer,22,13-10  4–7,111.1,107.7,.5891,55,50.3,14.1,17.9,19.4,33.4,46.5,32.1,56.2,50.6,35.3,33.3,36.4,43.3,72.8,-4.7
138,134,Delaware,CAA,24,16-9  8–4,107.7,104.8,.5781,52.9,48.7,15.3,16,27.6,28.6,31.5,27.8,53,49.7,35.2,31.5,35.4,37.1,67.9,-5.1
139,135,Wichita St.,Amer,23,10-14  2–9,105.4,102.6,.5779,49.5,48.6,17.9,14.9,31.7,29.1,26.7,25.6,50.7,48.1,31.3,33,31.8,39.9,69.1,-8.2
140,136,Chattanooga,SC,23,17-8  9–3,110.5,107.6,.5746,55.5,50.1,16.7,15,26.3,27.4,28.9,28.6,57.5,49,35.6,34.5,49.8,42,66.9,-3.7
141,137,Georgia Tech,ACC,24,10-14  3–10,108.1,105.4,.5732,48.2,48.7,17.4,13.4,32.1,30.5,30.8,33.9,48,49.3,32.4,31.7,40.3,38.5,67.7,-5.2
142,138,Oakland,Horz,26,16-10  11–4,109.0,106.3,.5717,51.5,51.5,16.4,16.4,31,29.5,29.5,27.4,51.7,51.6,34.2,34.2,40.5,41.8,67.2,-3.7
143,139,Towson,CAA,24,15-10  8–4,104.2,101.6,.5713,46.6,49.2,18.4,17.3,39.8,27.2,36.1,32,44.9,48.6,33.2,33.6,34.6,35.4,62,-4.6
144,140,Hofstra,CAA,24,15-10  8–4,106.1,103.6,.5689,54.7,48.5,16.1,17.4,23,30.8,21.3,29.9,54.9,46.6,36.4,34.1,47.1,42.5,66,-5.2
145,141,Missouri,SEC,24,8-16  0–11,107.3,104.8,.5671,50.8,50.5,16.7,19.1,26.2,34.9,28.2,39.1,52.3,50.8,32.4,33.3,40.8,39.2,67.1,-7.5
146,142,Winthrop,BSth,23,15-11  6–5,106.4,104.0,.5658,51.8,48.5,18.9,18.5,29.9,33.5,51.2,34.3,51.8,50.7,34.5,30.3,38.7,40.9,67.4,-6.1
147,143,West Virginia,B12,24,8-16  3–8,105.3,103.0,.5645,47.4,50.5,17.8,15.2,26.7,29.6,36.6,26,46.4,50.3,32.8,33.9,37.2,40.9,68.6,-6.7
148,144,Belmont,MVC,24,14-11  7–7,108.6,106.3,.5613,54.8,53.8,17.5,17.2,20.9,27.6,31.6,28,54,55.1,37.4,34.6,40.9,40.9,71.2,-4.9
149,145,Weber St.,BSky,22,16-9  7–5,108.3,106.1,.5599,52.7,52.8,15.1,18.2,24,24,37.4,28.6,53.5,54.4,34.4,33.2,39.3,35.5,65.1,-5
150,146,Notre Dame,ACC,24,8-16  3–10,99.1,97.1,.5592,46.8,47.6,20.6,16.1,28.9,26.2,26.3,27.2,47.9,45.9,30.3,33.7,43.8,36.5,64.3,-7.6
151,147,UNC Asheville,BSth,23,17-9  9–2,108.1,106.1,.5530,52.3,50.6,18.1,16.7,28.7,31.7,44.4,34.7,49.8,52.9,37.8,30.9,36,35.3,68.9,-4.3
152,148,Missouri St.,MVC,25,14-11  6–8,104.3,102.5,.5507,49.7,47.3,17.2,13.3,28.8,24.2,31.8,26.2,51.1,46.5,31.7,32.5,38.9,37.2,67.9,-5
153,149,UNC Greensboro,SC,23,17-8  8–4,108.9,107.0,.5503,52.8,49.8,15.9,16.7,29.1,30.4,27.3,35.7,48.9,48.9,38.5,33.9,43.5,46.2,65,-3.3
154,150,UC Davis,BW,22,15-9  10–3,102.5,100.9,.5449,50.4,48.9,20,21.3,29.2,28.9,40.1,39.9,50.9,48.7,33,32.8,37.4,33.6,68.4,-5.6
155,Rk,Team,Conf,G,Rec,AdjOE,AdjDE,Barthag,Efg%,EfgD%,TOR,TORD,ORB,DRB,FTR,FTRD,2P%,2P%D,3P%,3P%D,3PR,3PRD,Adj,WAB
156,151,UT Arlington,WAC,22,12-12  7–6,102.8,101.8,.5285,49.5,48.5,22.7,18.6,32.5,30,38.6,40.5,48.7,46.3,33.7,35.2,42.7,34.4,71,-5.7
157,152,Bryant,AE,23,16-9  8–2,100.6,99.9,.5218,50.5,44.6,15.5,17,19.3,30.9,30.9,35.8,51.4,44.7,32.6,29.6,38.5,35.2,74.4,-4.2
158,153,Toledo,MAC,24,15-9  9–2,111.8,111.0,.5199,53.4,55.7,15,18.8,28.9,28.5,35.8,25.4,52.4,57.8,37.2,34.7,27.7,36.6,69.5,-4.2
159,154,UMass Lowell,AE,20,16-7  7–3,104.9,104.4,.5142,50.7,46.9,18.1,16.4,31.2,27.5,35.8,27.1,52.9,48.7,30.1,29,27.9,34.1,69.3,-4.4
160,155,Arkansas St.,SB,25,11-14  6–6,113.2,112.6,.5133,52.3,50.1,16.9,13.8,33.3,30.6,34.2,38.7,51.5,49.3,35.5,34.9,45.6,27.4,68.8,-8.9
161,156,East Carolina,Amer,23,12-12  5–6,103.6,103.1,.5132,46.7,49.8,15.7,19.5,33.8,32.3,33.3,32.1,47.9,52.3,29.9,31,36.9,42.9,65,-7
162,157,Montana,BSky,22,16-9  7–5,110.2,109.8,.5101,53,52.5,14,14.7,25.2,24.7,27,34.1,53.5,51.8,34.6,36.2,36,31.2,66.3,-4.4
163,158,Quinnipiac,MAAC,23,19-5  11–2,105.0,104.7,.5096,50,49.2,17.1,17.7,31.3,28.1,32.9,28.5,49.5,48.7,34.1,33.3,34.7,37.1,71.6,-2
164,159,Wright St.,Horz,24,14-12  9–6,116.0,115.7,.5088,58,55.7,16.6,15.9,29.1,29.4,32.7,30.5,58.9,55.2,37,37.7,28.8,37.9,71.1,-7.8
165,160,Stephen F. Austin,WAC,22,14-10  7–6,102.3,102.1,.5079,49.8,48.5,22.5,23.2,35.4,30,41.8,49.9,50.9,44.4,31.7,37.1,32.2,35.9,70.6,-6.3
166,161,Oregon St.,P12,23,11-13  3–10,104.6,104.5,.5028,49.2,49.8,19,16.9,26,31.7,38.6,37.3,49,50.8,33.1,32.2,33.8,37.8,65.2,-5.3
167,162,South Dakota St.,Sum,22,14-11  7–3,107.4,107.3,.5020,54.2,51.8,17.1,17.1,25.8,26.9,29.5,28.9,54.9,48.8,35.4,36.8,39.5,46.9,68.9,-7.3
168,163,Furman,SC,22,13-12  7–5,107.4,107.4,.5012,52.4,52.7,16.7,16.2,29.6,27.4,31.2,27.4,54,54.4,33.7,33,46.6,34.1,70.2,-7.9
169,164,Tarleton St.,WAC,21,17-7  10–3,105.9,105.9,.4986,48.7,50.5,18,20.3,31.2,33.4,28.7,36.8,47.8,49.5,34.1,34.8,29.2,36.4,65.5,-2.1
170,165,Rhode Island,A10,23,11-13  5–6,108.8,109.5,.4830,52.6,52.2,18.8,13,30.7,28.8,38.9,30.2,51.5,51.3,36.6,35.8,31.7,39,68.5,-6.8
171,166,Iona,MAAC,23,12-11  7–5,105.4,106.1,.4819,50.5,52.6,15,22.4,29.4,31.7,31.7,40.6,49.5,53.6,34.8,34.2,37.4,41.9,68,-7.5
172,167,Wyoming,MWC,21,12-11  5–5,107.2,108.0,.4806,50.4,52.7,19.9,15.8,29.2,30.3,39.1,25.6,48.5,54.3,35.8,33.4,36,39.7,67.3,-4.1
173,168,Loyola Marymount,WCC,23,10-14  3–7,106.8,107.8,.4743,50.6,49.3,17.1,12.9,30,26.4,30.9,29.9,48.6,49.6,35.7,32.2,40.3,29.4,66,-8.3
174,169,Colgate,Pat,24,17-8  11–1,104.1,105.1,.4727,52.6,48.2,16.9,16.2,26.3,25.3,24.9,25.8,50.9,49.6,36.7,30.7,40.4,39.3,66.2,-3.3
175,170,Illinois Chicago,MVC,24,10-15  3–11,101.1,102.1,.4714,51.7,47.3,18.7,17.2,23.6,28.1,24.3,36.7,50.2,49.1,35.9,29.2,41,34.4,68,-10
176,171,Georgetown,BE,24,8-16  1–12,110.0,111.2,.4687,48.5,54.7,18,16.8,33.8,31.8,35.1,31.5,47,56.5,33.9,34.4,41,37,67,-7
177,172,Cal Baptist,WAC,21,14-9  7–5,103.5,104.7,.4670,47.3,48.4,16.9,16.7,33.8,24.6,38.3,32.1,46.2,48.2,32.8,32.5,36.7,25.4,64.3,-6.1
178,173,Jacksonville St.,CUSA,22,12-13  4–6,101.8,103.1,.4642,48.4,49,20.1,18.1,33.3,26.2,34.6,34,49.7,48.6,30.2,33.1,28.6,36,64.4,-9.1
179,174,Louisville,ACC,25,8-17  3–11,106.8,108.1,.4638,48.7,53.7,18.1,16.6,30.4,27.4,40.5,32.9,49.5,54.2,31.3,35.3,30.9,38.8,69.8,-8.5
180,175,Gardner Webb,BSth,22,11-14  6–4,102.7,104.0,.4636,48.6,50.4,15.4,16.5,26,26.2,36.1,44.9,48,50.2,33.2,33.9,33.8,34.3,70.1,-8.9
181,Rk,Team,Conf,G,Rec,AdjOE,AdjDE,Barthag,Efg%,EfgD%,TOR,TORD,ORB,DRB,FTR,FTRD,2P%,2P%D,3P%,3P%D,3PR,3PRD,Adj,WAB
182,176,Ohio,MAC,23,13-11  7–4,109.4,110.8,.4631,52.8,50.4,14.1,18.1,28.2,31.7,32,35.9,52.6,49.9,35.5,34.1,40,37.7,67.5,-8.2
183,177,Eastern Kentucky,ASun,21,13-11  9–2,107.4,109.0,.4590,50.5,50.5,16.3,14.2,32.3,31,30.6,29,48.4,45.9,36.2,39.1,35.2,35.8,68.5,-6.7
184,178,UTEP,CUSA,21,13-11  4–5,97.1,98.6,.4552,47.3,50.9,21.9,26.3,28.8,31.2,47.8,46.6,48.6,53.3,29.7,30.6,31.5,32.2,70.6,-7.3
185,179,Saint Louis,A10,23,9-15  2–9,109.4,111.2,.4551,50.4,52.5,17.9,13.6,26.2,28.5,36,34.6,48,53.4,36.3,34.3,37,42.2,69.3,-8.4
186,180,Northern Colorado,BSky,22,15-9  8–3,110.1,111.9,.4538,55.7,53.2,16,15.6,24.2,24.6,29,30.1,56.5,51.7,36.3,37,37.2,39.5,70.3,-5.6
187,181,Columbia,Ivy,17,12-8  3–4,108.5,110.3,.4521,52.4,51,17.6,16.9,27.8,28.5,28.6,29.3,49.5,52.9,37.9,32.3,38.6,42.8,68.1,-5
188,182,Monmouth,CAA,25,13-12  6–6,104.6,106.4,.4506,49.5,50.4,16.4,18.1,29.1,32.7,32,33.1,46.9,50.1,36.1,33.9,35.9,44.1,67.9,-6.3
189,183,Fairfield,MAAC,23,15-9  9–4,107.7,109.6,.4501,52.6,51.3,16.7,20,28.2,32.6,28.6,27.8,51.2,52.8,36.5,32.4,40.5,35.9,68.6,-5.9
190,184,Hawaii,BW,23,14-11  6–7,104.5,106.4,.4499,52,49.5,18.4,16.2,27,24.5,39.5,35.4,54.6,49.8,32.4,32.3,43.3,26,66.1,-7.1
191,185,Texas A&M Corpus Chris,Slnd,20,14-10  7–4,99.6,101.4,.4490,44.8,49,17.6,20.3,33.3,24.9,37.4,50.3,45.4,49.7,28.9,31.9,30.6,37.4,69.1,-5.7
192,186,Tulsa,Amer,22,12-11  3–8,101.8,103.6,.4478,50.2,48.7,19.1,18.9,26,31.6,40.8,32.7,51.4,49.9,32.4,31.2,41.7,38.8,71.2,-6.7
193,187,Fordham,A10,23,10-13  4–6,101.8,103.7,.4459,47.6,49.9,18.2,20.1,32,27.4,36.7,43.6,47.2,48,32.2,36.3,41,28.4,70.1,-8.5
194,188,Vanderbilt,SEC,24,7-17  2–9,104.2,106.2,.4457,45.4,52.2,15.5,16,28.5,29.2,35.1,29.7,47.2,49.5,28.5,37.7,40.9,38.2,65.6,-8.4
195,189,Stony Brook,CAA,24,13-12  6–6,104.6,106.8,.4402,49.1,51.8,15.7,16.3,27.5,29,28.4,25.5,47.8,50.2,34.1,35.9,38,43.1,67.5,-6.6
196,190,Long Beach St.,BW,22,15-9  7–5,105.9,108.3,.4377,49.7,51.6,17.8,19.4,33,30.4,39,32.2,50.3,50.6,32.2,35.2,27.7,46.3,72.2,-4.8
197,191,Penn,Ivy,20,9-13  1–6,106.2,108.5,.4374,50.7,53.5,18,14.3,30.9,26.1,29.5,23.8,49.6,53.3,34.8,35.8,42.5,43,65.5,-7.3
198,192,UC Santa Barbara,BW,21,13-10  6–7,107.0,109.4,.4357,54.6,50,19.7,14.1,26.6,25.7,39,30.2,54.3,51.8,36.8,31,30,33,67.2,-6.8
199,193,Longwood,BSth,23,15-11  3–8,102.3,104.7,.4336,48,50.7,18.3,19.4,37,25.3,40,35.2,48.4,50.9,31.5,33.5,27.4,36.6,67.2,-7.7
200,194,Rice,Amer,23,9-15  3–8,105.4,108.0,.4307,50.2,52.7,18.3,15.6,29.5,29.4,29.6,27.2,50.7,51.7,32.9,36.2,41.2,38.2,66.7,-8.9
201,195,Harvard,Ivy,19,12-8  3–4,103.5,106.1,.4297,51.9,49.7,17.3,15.7,25.2,30.9,36.9,26.1,51.6,50.6,34.8,32.3,39.1,40.3,67.8,-4.2
202,196,San Jose St.,MWC,24,9-16  2–10,107.3,110.1,.4274,52.4,53.3,15.5,15.7,23.8,29.5,24,36.5,52.2,51.5,35.1,37.9,42,33.7,65.7,-9.9
203,197,Merrimack,NEC,23,15-10  9–2,95.4,98.0,.4250,49,45.8,19.4,23.4,23,35.5,36,33.5,52.6,44.9,29.3,31.8,42.1,31.7,67.6,-5.9
204,198,Sam Houston St.,CUSA,22,13-11  6–3,102.8,105.5,.4248,46.6,51.5,18.1,19,30.9,27,32.7,35,44.8,52.5,33.3,33.3,34.5,39,68.3,-5.7
205,199,Fresno St.,MWC,23,11-13  4–7,104.0,106.8,.4234,54,52.3,20.3,15.6,25.8,29.3,31,25.1,54.6,50.5,35.4,37,36.8,36.4,66.3,-7.1
206,200,Mount St. Mary's,MAAC,24,11-13  7–6,104.0,106.8,.4232,52.5,48.5,20.6,18.9,31.3,28.3,27.9,33.6,53.9,47.3,33.3,34,34.5,33.3,68.7,-9.5
207,Rk,Team,Conf,G,Rec,AdjOE,AdjDE,Barthag,Efg%,EfgD%,TOR,TORD,ORB,DRB,FTR,FTRD,2P%,2P%D,3P%,3P%D,3PR,3PRD,Adj,WAB
208,201,Kent St.,MAC,22,12-12  5–6,105.0,108.1,.4187,50.9,52.6,18.6,19.1,31.1,29.5,36.2,35,48.7,54,36.1,33.7,39.3,41,67.5,-8.2
209,202,George Washington,A10,23,14-10  3–8,105.0,108.1,.4185,50.6,48.4,17.5,14.8,26.6,30,35.3,22.2,49.8,47.3,34.5,33.4,40.3,39.3,72,-5.1
210,203,Northeastern,CAA,25,10-15  5–7,107.2,110.4,.4169,51.7,54.4,19.5,17,33.7,27.1,33.5,29.4,54,53.3,31.7,37.4,35.7,37.8,66.1,-10.3
211,204,Radford,BSth,23,13-12  3–7,106.7,109.9,.4163,51.5,50.7,17.1,16.2,30,31.8,25.9,34.2,49.1,51.9,37.1,32.5,36.4,37.5,63.5,-7.3
212,205,Georgia St.,SB,22,11-13  5–7,104.9,108.1,.4123,48.8,48.9,13.4,13.8,27.1,29.4,28.6,37.4,49.5,52,31.7,29.3,34.8,38.4,68.6,-8.8
213,206,Southern,SWAC,21,15-9  9–2,98.9,102.0,.4116,49,51,18.1,22.5,25.1,32.5,35.2,45.2,49.8,53.6,31.7,31.2,37.8,38,69.3,-3.5
214,207,Northern Kentucky,Horz,23,13-12  8–6,102.9,106.2,.4105,50.2,51.2,18.3,20.3,30.3,32.8,37.4,27.8,52.1,54.9,30.7,30.8,32.5,42.6,68,-7.5
215,208,Fort Wayne,Horz,23,16-9  7–7,101.8,105.2,.4070,53.5,51,15,23.1,22.2,31.8,33.7,33.8,52.9,53.1,36.2,31.4,42.7,34.9,71.7,-6
216,209,East Tennessee St.,SC,23,13-12  5–7,101.0,104.5,.4026,45.6,50.2,18,17.8,34.3,29.5,32.1,35.4,46.8,50.1,29.3,33.5,42.2,37.3,66.6,-7.6
217,210,Evansville,MVC,25,15-11  6–9,101.3,104.9,.4023,50.9,52,16.7,17.4,21.6,26,30.4,25.7,50.4,51.3,34.5,35.4,34.1,42.7,69.3,-4.7
218,211,Green Bay,Horz,24,17-9  12–3,104.4,108.1,.4008,53.6,48.8,19.1,14.5,27.9,27.7,27.8,34.2,53.9,50.7,35.6,30.2,48.1,35.4,63.6,-4.7
219,212,Utah Valley,WAC,22,10-14  5–8,97.9,101.5,.3991,46.2,49,18.7,18.7,26.9,27.8,40.3,38,48.3,48.1,27.7,33.8,31.7,35.6,68.5,-8.7
220,213,Illinois St.,MVC,25,12-14  6–9,100.2,103.9,.3980,46.7,51.2,17.5,17.2,28.9,25,38.1,28.5,49.9,52.1,27.4,33.1,37.2,38.8,64.4,-8
221,214,Marist,MAAC,22,13-9  8–5,97.1,100.7,.3947,51.3,47.4,18.2,21.7,22.4,27.3,26.8,35.9,50.1,47.4,35.5,31.6,36.8,38.3,65,-6.8
222,215,Lipscomb,ASun,24,16-10  7–4,110.9,115.4,.3891,55.9,53.6,14.5,16.1,23.4,30.3,28.8,23.6,56.4,52.9,36.8,36.5,41.4,37.2,69.2,-5.7
223,216,Cleveland St.,Horz,24,15-10  8–6,107.0,111.3,.3883,49.8,52.1,15.7,19.6,34.9,36.1,32,38.7,47.8,54.3,36,32.2,32.5,36.7,67.6,-5.8
224,217,Stetson,ASun,23,16-10  8–3,108.8,113.2,.3877,52.7,52,16.5,13.3,28.2,31,28.5,25,51.5,52.2,36.2,34.5,42.9,37.8,66,-5.1
225,218,Marshall,SB,24,12-13  7–5,101.7,105.8,.3876,48.1,50.2,16.9,16.2,29.5,28,32.2,28.6,49,50.1,31.2,33.6,41.5,36.6,71.3,-8.6
226,219,Wofford,SC,22,14-11  7–5,108.5,113.0,.3857,53.8,52.1,16.7,13.7,28.7,25.8,29.1,35.5,54.1,50.5,35.6,36.3,43.8,40.8,66.4,-6.1
227,220,Air Force,MWC,24,8-16  1–11,107.3,111.8,.3851,54.4,53.9,19.3,18.4,25.7,29.8,32.3,37.4,53.1,52,37.3,38,46.4,38,62.4,-10.6
228,221,Montana St.,BSky,22,11-14  6–6,102.4,106.7,.3833,52.6,52.8,17.2,18.7,20.4,27.8,31.7,39.5,52.3,55.4,35.3,31.7,40.4,33.7,68.3,-10.5
229,222,La Salle,A10,24,11-14  2–10,104.5,109.1,.3794,48.6,51.3,14.2,15.7,26.4,31.2,26.1,33,47.5,50.2,33.4,35.8,41.1,31.9,67.7,-8.3
230,223,Temple,Amer,23,8-16  1–10,101.3,105.7,.3790,44.5,51.2,15,18.2,29.6,29.6,31.3,35.5,44.6,51.7,29.6,33.7,44.7,39.1,67.8,-10.5
231,224,Southern Miss,SB,23,14-11  7–5,101.6,106.2,.3752,48.7,50.8,17.5,17.8,29,31,37.5,32.7,46,48.8,35.8,36.2,35,36,67.1,-6.8
232,225,Denver,Sum,22,14-12  5–6,110.5,115.7,.3726,52.7,54.6,14.1,14,29.6,27.9,37.1,31,50.6,54.1,37.4,37,39,33.7,71.3,-8.1
233,Rk,Team,Conf,G,Rec,AdjOE,AdjDE,Barthag,Efg%,EfgD%,TOR,TORD,ORB,DRB,FTR,FTRD,2P%,2P%D,3P%,3P%D,3PR,3PRD,Adj,WAB
234,226,Bowling Green,MAC,22,16-8  7–4,104.5,109.3,.3718,50,51.6,15.7,15.7,29.2,26.3,36.3,27.3,52.4,49.8,30.6,36.9,36.4,33.2,68.5,-5.3
235,227,Little Rock,OVC,25,14-11  8–4,105.5,110.4,.3708,51.5,49.3,17.5,17.8,32.2,31,33.7,37.7,52.2,49.9,33.5,32.1,32.6,37.4,69.9,-8.9
236,228,Cal St. Northridge,BW,23,16-9  7–6,100.6,105.5,.3653,49.3,48,19.5,17.9,32.4,26.1,38.9,38.1,50.4,47,30.6,32.8,26.1,46,73.5,-5.2
237,229,Saint Peter's,MAAC,21,11-11  7–6,96.5,101.2,.3650,44.1,49.3,19.8,21.4,34.5,27.6,36.8,45.6,42.7,49.5,31.3,32.6,33,37,63.9,-7.8
238,230,Pepperdine,WCC,24,10-16  3–8,105.5,110.7,.3648,49.9,55.1,16,17.2,29.1,25.5,31,35.7,49.2,54.3,34.1,37.8,32.5,31.5,67.2,-10.2
239,231,Texas St.,SB,23,11-14  4–8,97.1,102.0,.3636,46.2,49.3,20.5,17.4,31.2,28.4,34.1,38.2,46.3,51.3,30.6,30.6,24.8,35.8,66.5,-8.1
240,232,UMKC,Sum,23,11-15  5–6,101.5,106.6,.3629,49.9,52.3,18.5,16.7,31.4,25.6,27.4,44.6,48.2,53.4,34.8,33.5,43,34.6,66.7,-10.5
241,233,Cal St. Fullerton,BW,22,11-13  4–8,98.4,103.3,.3628,46.1,50.2,19.3,19.1,25.4,30.4,41.5,36.8,46.5,51.9,30.3,31.7,35.2,38.5,66.4,-7.7
242,234,San Diego,WCC,24,15-11  5–6,103.1,108.4,.3601,51,52.2,19.5,17.2,28,30.7,31.5,37,49.2,53.8,36.4,33.1,33.4,39.6,70.8,-5.4
243,235,New Hampshire,AE,22,14-9  6–4,100.2,105.5,.3562,48.7,48.5,16.6,16.1,23.7,26.5,30.4,26.5,48.2,52.4,32.9,27.8,42.8,36.5,71.6,-4.6
244,236,Norfolk St.,MEAC,20,15-9  5–2,101.7,107.1,.3549,47.4,49.8,19.4,21.9,32.3,32.5,42.8,42.9,47.1,49.2,32,33.6,31.9,46.4,66.3,-5.4
245,237,Western Illinois,OVC,21,15-10  8–4,99.4,104.8,.3542,47.2,47.2,20.7,14.4,37.3,27.6,34,26.5,46.1,47.9,33.2,30.3,29.4,30.4,64,-6.2
246,238,Nebraska Omaha,Sum,22,12-14  5–6,105.1,110.7,.3539,50,53.4,15.1,16,25.2,26.7,40.6,33.4,50.5,53.3,32.7,35.6,32.5,42.8,67.5,-10
247,239,North Florida,ASun,23,13-13  6–5,107.2,113.0,.3527,53.5,53.4,16.2,15,23.6,29.7,27.8,34.4,52.8,53.2,36,35.8,54.2,30.7,67,-8.8
248,240,South Alabama,SB,22,12-13  4–8,103.9,109.6,.3496,49.9,51.6,16.3,16.8,23.9,32.1,29.4,33.5,49.4,53.2,33.9,32.5,37.5,37.1,67.9,-8.6
249,241,North Dakota St.,Sum,22,12-13  5–5,105.9,111.8,.3490,53.2,53.9,16.5,13.6,23.7,25.7,32.2,30.7,50.6,53.1,38.7,37,35,33.3,66.3,-8.5
250,242,Mercer,SC,22,11-14  4–8,99.4,105.0,.3482,48.4,50.5,17.7,18.8,30.4,30.2,26.6,40.3,47.5,49.7,33.7,34.5,30.6,35.2,66.2,-9.6
251,243,Tennessee Martin,OVC,21,15-10  8–4,103.5,109.4,.3461,49.9,49.2,16.1,13.7,27.2,27.5,30.6,25,48,49.5,35.5,32.5,36.6,40.3,72.6,-6.3
252,244,Southern Utah,WAC,22,9-15  4–9,104.8,110.8,.3452,48,51.4,17.3,17.2,28.2,33.6,38,34.3,50.8,52.8,28.5,31.7,35.5,27.7,70,-10.1
253,245,UC Riverside,BW,23,10-15  5–8,101.8,107.7,.3424,45.1,51.8,14.7,15.2,29.7,25.3,25.4,35.3,43.2,51.1,31.7,35.5,42.8,33.1,66.3,-9.6
254,246,Austin Peay,ASun,23,13-13  6–5,104.6,110.8,.3407,49.2,52.2,14,18,29.7,32.2,28.2,38.4,47.4,54.3,35,32.6,35.7,37.7,63.7,-8.8
255,247,Lamar,Slnd,22,13-11  7–4,103.9,110.1,.3398,51.2,49.9,17.9,19.8,32,32.6,32.9,41,48.9,48.7,37,34.4,34.1,42.1,70,-7.9
256,248,Oral Roberts,Sum,21,11-13  5–6,106.6,112.9,.3387,52.4,51.5,14.2,14.4,20.5,32,27.1,31.3,49.1,49.5,38.2,36.4,40.4,39.5,68,-8.2
257,249,Central Connecticut,NEC,22,15-9  9–2,100.8,107.0,.3351,50.6,50.4,17.6,18.2,27.4,26.9,31.7,26.7,51.7,48.8,32.3,35.5,33.9,35.3,67.1,-6.3
258,250,North Dakota,Sum,23,15-11  7–4,104.2,110.6,.3336,49.3,52.3,15.5,15.4,31.1,26.8,33.2,31.1,50.8,51.6,31.4,35.9,42.2,33.2,66.8,-7.6
259,Rk,Team,Conf,G,Rec,AdjOE,AdjDE,Barthag,Efg%,EfgD%,TOR,TORD,ORB,DRB,FTR,FTRD,2P%,2P%D,3P%,3P%D,3PR,3PRD,Adj,WAB
260,251,Maine,AE,23,11-13  3–6,96.7,102.7,.3326,48.4,50.4,17.1,19.6,22.6,27.5,29.1,33.1,49.7,52.1,30.4,31.3,32,33.1,66,-9
261,252,Abilene Christian,WAC,22,8-15  3–9,99.4,105.6,.3316,45.4,52,17.6,21.2,25.2,31.6,39.1,42,44,52.7,32.8,33.8,26.8,31.9,69.3,-10.6
262,253,Florida Gulf Coast,ASun,23,11-15  5–6,104.3,110.9,.3311,51.6,54.1,17.8,15.2,31.1,27.3,28.4,28.6,50.4,53.1,35.8,37,37.1,42.3,64.2,-10.7
263,254,Milwaukee,Horz,23,12-13  7–7,105.7,112.6,.3265,50.5,51.3,18.2,16.1,35.4,34,32,33.8,51.3,50,32.8,35.5,39.9,38.6,69.2,-8.7
264,255,North Carolina Central,MEAC,18,13-9  5–2,98.8,105.3,.3257,46.9,47.7,17.6,17.8,29.1,32.8,38.7,36.2,47.8,51.4,30.3,27.6,37.6,37.2,66.3,-5.9
265,256,New Mexico St.,CUSA,20,11-13  5–4,98.2,104.9,.3207,46.5,49.5,19.3,16.7,25.5,30.1,34.9,48.4,46.9,48.2,30.4,34.1,34.8,42.9,67.3,-7.7
266,257,Ball St.,MAC,22,12-12  4–7,104.5,111.6,.3184,52.1,52,18.6,15.6,27.9,26.5,38.7,29.7,49.4,51.8,37.7,35,38,34.9,66.2,-9.2
267,258,Idaho St.,BSky,23,11-14  6–6,103.6,110.7,.3177,50.7,53.7,17.3,18.1,30.9,27.5,32.9,33.9,52.9,53.9,31.2,35.4,36.5,28.7,63.7,-10.3
268,259,Miami OH,MAC,22,11-13  5–6,101.4,108.4,.3165,51.8,50.1,17.3,17.2,21.9,30.6,31.7,34.5,50.2,52,36.2,31.3,39.8,36.7,67.2,-9.2
269,260,Canisius,MAAC,22,9-14  4–9,100.6,107.7,.3142,49.8,51.3,19.4,16.4,32.3,29.2,31.4,28.1,49.2,52.2,33.9,33,36.6,32.1,68.6,-9.9
270,261,Niagara,MAAC,22,12-11  8–5,105.1,112.8,.3086,52.5,52.7,16.6,16.3,24.3,27.1,35.9,31.1,51.1,53.3,37.1,34.2,30.4,27.5,67.9,-8.3
271,262,Kennesaw St.,ASun,22,13-12  4–7,106.5,114.4,.3052,51.8,53.4,15.4,18.1,30.3,32.4,36.2,43.6,53.3,52.2,33.2,36.9,43.8,38.8,73.9,-8.9
272,263,North Alabama,ASun,23,12-13  6–5,104.0,111.8,.3031,49.6,50.8,15.6,14.5,27.7,28.5,33.7,41.5,48.2,50.8,34.9,33.8,34.7,36.2,68.2,-8.6
273,264,Cal St. Bakersfield,BW,22,10-14  5–8,99.1,106.5,.3026,46.2,50.1,17.7,19.1,31.9,33.6,31.2,44.7,46.6,49.5,30,34.1,24.8,37,64.9,-9.9
274,265,Rider,MAAC,23,8-16  5–8,103.4,111.3,.3016,46.3,51.4,17.9,15,33.1,28.3,29.8,38.7,45.2,51,32.7,34.6,28.7,40,67.8,-10.7
275,266,Portland St.,BSky,22,14-11  5–7,99.5,107.0,.3010,47.4,51.8,16.3,18.3,27.9,30.1,32.3,33.9,45.7,49.5,33.4,37.1,38.1,36.2,68.8,-7.2
276,267,Idaho,BSky,22,9-15  3–8,103.6,111.6,.3000,50.7,54.3,16.5,16.8,22.7,29.2,26.8,36.5,50.7,53.5,33.9,37.1,41.4,39.2,65,-11
277,268,Brown,Ivy,21,6-16  2–5,102.3,110.2,.2976,47.8,51.6,18,16.5,31.5,27.7,34.6,33.4,48.7,51.7,31,34.3,39.5,36.6,67.2,-12.2
278,269,Queens,ASun,24,10-16  4–7,104.2,112.4,.2945,49.8,54.2,16.1,15.4,27.4,30,33.4,30.1,50.8,55.8,32.2,34.3,41.1,35.2,73.1,-10.9
279,270,SIU Edwardsville,OVC,22,13-12  6–6,100.6,108.7,.2903,47.3,51.3,15.8,17.5,29.4,29.8,32.9,34.8,45.6,49.2,33.5,36.4,37.1,38.4,65.2,-8.4
280,271,American,Pat,24,13-12  7–5,103.7,112.2,.2879,53.1,53.6,17.3,16.7,27.9,25.4,27.3,29.5,53.7,53.2,34.9,36,45.7,41.8,63.4,-8.9
281,272,The Citadel,SC,22,9-16  1–11,101.0,109.4,.2867,49.9,52.5,17.9,15.2,26.8,25.9,31.5,20.7,50.3,53.4,32.9,34,34.5,40.6,64.9,-11.9
282,273,Nicholls St.,Slnd,21,13-11  8–3,102.3,110.8,.2853,49.4,50.3,18.2,16.5,27.5,34.1,36.8,36.7,47.7,50.5,34.7,33.3,38.3,36.3,65.7,-6.2
283,274,Howard,MEAC,22,10-14  4–3,105.0,113.8,.2844,51.2,51,20.7,16.5,32,32,39.3,37.6,49.5,50.7,35.9,34.3,37.8,35.8,68,-10.4
284,275,Central Michigan,MAC,23,14-10  8–3,95.4,103.7,.2780,47.4,48.9,18.1,16.8,27.6,29.9,28,30.2,48.4,50.4,30.2,31.1,33.6,41.3,66,-5
285,Rk,Team,Conf,G,Rec,AdjOE,AdjDE,Barthag,Efg%,EfgD%,TOR,TORD,ORB,DRB,FTR,FTRD,2P%,2P%D,3P%,3P%D,3PR,3PRD,Adj,WAB
286,276,Southeastern Louisiana,Slnd,22,12-13  7–5,100.4,109.1,.2764,48.3,51.5,21.1,17.3,31,30.8,34.2,29.3,47.1,51.1,33.4,34.6,38.3,45.5,64.4,-7.8
287,277,Utah Tech,WAC,23,10-14  6–7,98.5,107.2,.2742,50.1,50,21.9,18.6,27.5,32,39.6,42.6,49.2,50.6,34.5,32.7,34.6,36.9,70.1,-9.4
288,278,Tennessee St.,OVC,22,15-11  8–5,99.3,108.0,.2740,49.2,49.1,19.5,18.6,28.2,31.3,35.7,44.9,49.9,49.2,32,32.6,36,33.6,67.6,-7.8
289,279,Robert Morris,Horz,23,10-15  6–8,103.5,112.7,.2721,51,53.9,20.2,17.4,35.3,28.9,30.8,37.3,51.8,55.3,33.2,34.2,40.9,35.7,67.7,-11.3
290,280,Albany,AE,23,11-13  3–6,102.0,111.1,.2718,49.4,51.2,18.4,16.8,30.9,29.3,31.7,37.6,50.7,54.5,31.5,28.6,36.9,28.2,73.9,-9.2
291,281,USC Upstate,BSth,21,8-16  3–8,101.9,111.1,.2702,49.4,53.7,16.4,18.3,24.9,32.7,28.5,45.6,50.4,54.4,32,35,40.4,36,66.8,-11.8
292,282,UTSA,Amer,23,8-16  2–9,108.0,117.7,.2698,48.8,53.4,15.4,13.2,31.7,30,35.6,34.9,47.8,50.3,33.4,39,43.9,37.8,70.5,-11.9
293,283,Middle Tennessee,CUSA,22,9-15  3–6,94.8,103.6,.2654,45.2,49.8,21.9,16.6,30.1,30.4,31.6,28.2,47.1,49.7,28.3,33.4,41,30.3,64.7,-10.9
294,284,Binghamton,AE,21,11-12  3–7,100.1,109.5,.2625,47.8,49.8,18.3,13,29.3,25,34.1,34.8,50.3,48.8,27.9,34.3,29.9,37.4,67.1,-8.3
295,285,Old Dominion,SB,24,6-19  2–10,98.5,108.0,.2571,48,52,15,18.5,24.6,30.3,26.3,39.7,47.4,50.7,32.8,35.8,34.5,43.9,70,-14.4
296,286,Jackson St.,SWAC,24,10-14  6–5,99.9,109.7,.2527,46.4,52.4,19.6,19.3,33.8,32.7,34.3,36.6,45.3,52.5,32.2,34.9,34.4,39.6,69.8,-8.9
297,287,Portland,WCC,24,9-17  3–8,103.3,113.5,.2522,50.6,55.5,17.9,13.8,23,29.3,32.8,25.2,50.9,54.8,33.5,37.5,45,46.7,69.2,-11.1
298,288,Chicago St.,ind,26,11-17  0–0,98.0,107.8,.2501,45.7,52.8,20.6,21.6,32,35.4,38.8,36,46,55.2,30.1,32.3,34.7,35.6,64.9,-11.6
299,289,Valparaiso,MVC,24,6-19  2–12,99.7,109.8,.2480,46,52.7,15.9,17.1,25.2,31.6,25.4,32.2,44.9,52.2,32.1,35.8,35.3,35.1,67.9,-13.2
300,290,FIU,CUSA,23,8-16  3–6,101.1,111.5,.2448,49.1,56.7,19.3,25.2,28.2,36.6,27.7,37.5,49.2,55,32.8,39.7,41,39.1,70.6,-11.7
301,291,Lafayette,Pat,24,10-15  9–3,94.7,104.4,.2438,47.4,48.2,18,17.4,24.2,28.7,23,30.7,48.1,46.5,30.8,34,39.4,39.1,65.4,-11.4
302,292,Texas Southern,SWAC,21,9-13  7–4,95.2,105.1,.2429,44.2,48.4,18.5,17.4,30.3,31.4,32.5,41.9,44.6,47.8,29,32.9,37.8,36.1,67.7,-7.8
303,293,Bucknell,Pat,26,10-16  7–6,100.7,111.1,.2428,51,51,19.7,16.2,25.3,28.9,30.4,31.8,49.8,50.9,35,34.1,43.7,42.2,65.2,-12.1
304,294,Northern Illinois,MAC,22,9-15  3–8,102.2,113.0,.2394,50.3,52.9,17.7,14.3,27.1,31.4,36.9,34.2,50,51.7,33.9,36.8,38.3,34.3,68.9,-10.4
305,295,Lehigh,Pat,22,9-15  6–7,97.8,108.2,.2389,48.8,52.7,17.1,17.7,22.5,23.9,34.7,30.2,50.5,50.9,30.5,37.1,37.2,37.1,70.6,-11.1
306,296,Wagner,NEC,20,11-11  5–5,98.4,108.9,.2360,45.3,49.5,15.9,17.2,28.3,28.1,26.8,28.9,42.5,52.1,33.1,30.6,39.5,41.4,61.2,-8.1
307,297,Louisiana Monroe,SB,21,9-14  4–8,100.5,111.4,.2350,45.7,51.7,18.9,15.9,34.5,29.7,38.2,37.7,47,49.3,28.3,36.3,29.3,46.1,66.9,-9.4
308,298,Campbell,CAA,22,12-13  6–6,99.9,110.8,.2326,51.7,51.5,19,17.2,24.5,31.1,34.4,24.8,52.9,52.2,33.3,33.7,37.9,43.9,65.5,-9.9
309,299,DePaul,BE,23,3-20  0–12,98.6,109.7,.2257,47.7,54.7,20.1,15.1,21.4,32.4,34.8,30.3,46.4,54.7,33.5,36.4,34.2,39.8,67.8,-10.9
310,300,UMBC,AE,24,7-18  2–8,104.8,116.8,.2248,52.9,51.9,18.1,14.7,26.2,31.3,23.8,28.2,52.2,53.6,36.1,32.4,35.6,35.3,74.1,-14.5
311,Rk,Team,Conf,G,Rec,AdjOE,AdjDE,Barthag,Efg%,EfgD%,TOR,TORD,ORB,DRB,FTR,FTRD,2P%,2P%D,3P%,3P%D,3PR,3PRD,Adj,WAB
312,301,South Carolina St.,MEAC,22,9-15  4–3,101.4,112.9,.2245,45.8,53.9,20,20.7,36.8,31,36,49.3,45.1,55.5,31.8,34.2,29.1,39.9,69.5,-10.6
313,302,Bellarmine,ASun,23,6-20  2–9,100.8,112.4,.2232,48.7,54.2,15.3,14.6,22.3,30.1,20.9,30.8,47.5,57,33.9,33.9,37.4,44.8,64.6,-14.6
314,303,Boston University,Pat,24,10-15  5–7,96.1,107.1,.2220,46.7,50,17.9,17,26.6,21.6,28.6,36.2,46.1,48.9,31.7,34.4,40.9,41.8,66.3,-12.4
315,304,Alabama St.,SWAC,21,11-13  6–5,92.2,103.0,.2193,41.7,49.6,17.2,19.6,30.7,28.5,28.3,44.3,40.5,49.8,29.2,32.8,36.4,43,67.8,-8.1
316,305,Jacksonville,ASun,22,13-12  4–7,98.4,109.9,.2186,49,51.8,20.1,16.8,32.8,31.5,36.6,42.1,49,50.5,32.7,35.8,33.9,40,66.8,-7.7
317,306,Georgia Southern,SB,25,5-20  5–7,101.7,113.8,.2160,50,52.9,19.3,17.8,27.9,35.5,28.9,40.2,48.2,51.6,34.7,36.7,46.4,37.7,68.7,-15.1
318,307,Le Moyne,NEC,21,10-14  5–5,102.3,114.4,.2160,50.6,53.2,17.2,18.3,24.5,31.5,23.5,28.1,48.1,54.5,35.8,34.4,46.3,43.5,67.8,-10.9
319,308,Alcorn St.,SWAC,23,7-17  6–5,104.9,117.4,.2158,47.6,56.4,17.1,17.8,31.8,32.4,35.8,36.6,46.4,55.5,33.9,38.2,25.4,48.6,67.1,-10.8
320,309,Bethune Cookman,SWAC,22,12-12  7–4,99.6,111.6,.2140,48.2,50.8,20.6,22,30.4,34,39,49,48.7,49.7,31.3,35.1,30.5,36.8,70.8,-9
321,310,Presbyterian,BSth,23,12-14  4–7,101.8,114.4,.2072,51.8,53,16.7,17,25,28,38.6,43.3,52.3,53.3,33.7,35,33.2,36.1,67.6,-10.7
322,311,Charleston Southern,BSth,20,8-15  4–6,98.0,110.2,.2070,46.5,51.8,18.8,13.9,26.9,31.3,33,33.7,45.8,52.3,32,34,34.1,31.2,66.5,-9.9
323,312,Sacred Heart,NEC,24,12-14  6–5,100.1,112.7,.2044,50.2,53,17.4,20.6,25.8,32.2,32.5,32.6,49.2,52.4,34.7,35.8,34.3,41.1,69.4,-10.8
324,313,Grambling St.,SWAC,21,11-13  8–3,94.5,106.4,.2023,45.9,51,20.6,19.4,28.3,34.4,36,35.5,45.8,50.2,30.9,35.2,30.2,33.2,65.2,-7.6
325,314,Delaware St.,MEAC,21,10-13  3–4,92.6,104.4,.2007,44.6,52.5,21.2,21.3,31.8,28.4,37.5,36.4,45.6,50,27.7,37.6,24.2,39.6,69.7,-9.6
326,315,NJIT,AE,21,7-15  3–7,97.7,110.2,.1999,44.9,50.8,17.1,17.3,28.4,35,33.5,40.1,45.1,49.7,29.8,35.3,39.6,35.1,67,-11.3
327,316,Elon,CAA,23,10-15  3–9,103.1,116.6,.1952,50.8,53.1,17.6,15.2,28.7,33.5,33.2,31.5,48.1,54.4,36.3,34.1,42.2,38.8,68.3,-11.1
328,317,UT Rio Grande Valley,WAC,21,6-17  2–10,97.4,110.4,.1916,45.4,51.5,19.7,19.6,26.3,35,45.9,37.6,46.1,52.9,29.1,32.4,29.6,32.8,72.5,-12.9
329,318,Northern Arizona,BSky,25,11-14  4–7,97.3,110.7,.1848,49,53.2,18.2,17.8,22.4,31,31.3,37.9,50.3,55.3,31.1,32.9,35.7,36,68.7,-9.1
330,319,Eastern Illinois,OVC,21,11-14  5–7,95.8,109.2,.1812,44,53.6,16.1,20,27.1,26.8,26.3,38.6,43.4,53.6,30.4,35.9,30,39.7,65.9,-9.4
331,320,Coastal Carolina,SB,21,6-17  3–9,100.5,114.5,.1811,49.1,51.5,18.2,13.3,30.4,31.9,31,30.7,50.5,51.8,30.8,34.2,32.4,47.4,69.2,-13.6
332,321,South Dakota,Sum,22,10-15  3–7,100.3,114.3,.1810,50.2,52.1,18.7,12.2,29.6,29.5,30.2,26.9,48.4,50.9,35.8,36.2,34.2,37.4,68.8,-12
333,322,Northwestern St.,Slnd,23,7-18  5–7,97.9,111.7,.1801,47.7,53.7,20.1,18.3,29.1,34.4,36.5,39.3,48.4,55.9,31.1,33.4,37.7,36.9,68.1,-13.7
334,323,Western Michigan,MAC,23,8-16  5–6,98.5,112.4,.1788,49.3,51.8,20.5,15.8,33.9,30.1,32,32.5,49.9,51.4,32.3,35,37.9,38.5,68.3,-11.9
335,324,William & Mary,CAA,23,8-17  3–9,99.7,114.3,.1721,49,53.3,16.7,14.3,26.8,28.3,34.8,34,49.6,54.1,32.2,34.7,47.3,37.4,66,-13.8
336,325,Southern Indiana,OVC,22,7-18  4–8,95.9,110.3,.1664,45.7,49.5,20.9,16.5,27.7,27.1,39.1,48.2,43.9,48.9,32.6,33.6,35.5,36.8,69.9,-14
337,Rk,Team,Conf,G,Rec,AdjOE,AdjDE,Barthag,Efg%,EfgD%,TOR,TORD,ORB,DRB,FTR,FTRD,2P%,2P%D,3P%,3P%D,3PR,3PRD,Adj,WAB
338,326,Texas A&M Commerce,Slnd,22,9-16  3–9,94.9,109.5,.1615,46,52.4,17.6,18.4,24.7,32.7,27.7,41.6,47,52.9,29.9,34.2,47.7,32,66.6,-10.5
339,327,Sacramento St.,BSky,23,6-19  2–10,95.9,110.7,.1611,47.3,53.9,23.8,14.3,34.2,25.6,31.6,33.1,49.1,54.2,29.8,35.6,40.9,37,63.8,-14.5
340,328,New Orleans,Slnd,21,8-17  3–9,100.6,116.2,.1610,46.2,55.1,17.6,18.1,28.7,33.5,37.2,40,45.4,56.3,32.2,35.1,27.8,32.2,71.3,-12.9
341,329,Army,Pat,23,8-17  4–8,92.5,107.5,.1511,46.9,49.5,19.3,16.8,28,25.8,25.4,33.4,46.2,50.3,31.8,32,45.6,37.9,63,-14.8
342,330,Manhattan,MAAC,21,5-17  2–11,94.5,109.9,.1505,46.9,52.4,19.7,16.9,25.5,29.6,21.3,28.5,47.6,52.8,30.5,34.5,39.9,34.3,69.4,-12.8
343,331,Fairleigh Dickinson,NEC,23,11-14  5–5,97.4,113.4,.1480,47.3,53.3,16.9,19.3,27.5,31.7,34.2,33.3,46.7,52.2,32.1,36.6,39.8,41.5,72.4,-11.1
344,332,Incarnate Word,Slnd,22,8-16  3–8,98.3,114.5,.1475,48.7,51.7,21.2,15.8,29.3,31,37,40.5,48.5,50.9,32.7,35.5,40.1,33.6,69.5,-13.1
345,333,Eastern Michigan,MAC,22,9-15  2–9,97.9,114.7,.1389,49,54.6,17,15.6,26.5,31,26.8,32.6,49.8,56.5,31.6,34.3,32.1,38.3,66,-11.7
346,334,Central Arkansas,ASun,25,9-18  5–6,97.4,114.2,.1380,47.2,54.4,18.1,16.2,27.9,32.6,29.2,34,45.2,53.1,33.6,37.5,38.1,42.3,69.1,-14.2
347,335,Hampton,CAA,22,5-20  0–12,97.9,114.9,.1379,48.2,53.1,19.1,14.9,27.9,32.6,29.3,31.1,48.7,53.5,31.6,35,39.2,38.9,70,-17
348,336,Cal Poly,BW,24,4-21  0–13,91.9,107.8,.1370,45.2,50.2,19.7,17.8,24.9,33.2,30.4,43.2,43.8,50.1,32,33.7,33.5,29.8,65.7,-17.2
349,337,Morgan St.,MEAC,20,8-15  4–3,98.5,115.6,.1365,47.1,53.5,20.1,18,29.4,37.9,28.1,41.3,47.9,53.9,30.1,35.2,28.2,33.1,70.6,-10.6
350,338,Pacific,WCC,24,6-20  0–11,97.9,114.9,.1358,47.9,56.1,17.5,16.9,17.9,31.8,35.9,36.4,47.5,57.7,32.3,35.7,38.5,40.3,68.2,-14.8
351,339,Navy,Pat,22,8-15  4–8,96.4,113.4,.1347,43.6,52.9,15.4,22.2,30.8,30.3,35.5,37.8,44.3,54.3,28.2,34.1,32.9,43.1,66,-12.6
352,340,North Carolina A&T,CAA,25,7-18  5–7,97.2,114.7,.1297,45.1,54.9,13.8,16.6,23.7,34.8,34.7,30.2,45.3,55.5,29.9,36,36.4,35.8,68.3,-13.1
353,341,Arkansas Pine Bluff,SWAC,20,10-14  5–6,101.2,119.5,.1290,51,54.1,18.4,15.9,22.8,35.6,42.5,33.5,48.8,56.9,35.6,33.1,48,37.4,71.9,-9.7
354,342,Prairie View A&M,SWAC,22,10-14  5–6,94.1,111.7,.1222,44.5,53.3,17,22.9,27.1,35.6,36.4,47.8,44.1,54.2,30.6,34.3,25.5,32.8,71.2,-9.4
355,343,Loyola MD,Pat,24,5-20  3–9,93.7,111.5,.1183,47.7,53.6,21.5,15.7,28.9,26.7,28.7,32.1,47.3,53.6,32.1,35.7,39.6,37,65.9,-16.4
356,344,Dartmouth,Ivy,18,5-15  1–6,90.0,107.4,.1159,45.4,52.4,19,13.7,19.9,24.5,26.8,26.1,47.1,52.4,28.8,35,43.1,40.1,64.7,-11.4
357,345,Tennessee Tech,OVC,23,9-17  4–9,95.2,113.7,.1145,48.8,52.6,17.5,15.8,17.8,28.1,32.5,25.1,50.1,52.8,30.8,34.8,33.3,38,66,-13.5
358,346,LIU Brooklyn,NEC,23,6-17  5–6,93.5,111.9,.1121,46.8,50.9,20.1,15.5,23.1,29.4,31.8,40.8,46.7,53.1,31.3,31,32.3,34,70.2,-13.6
359,347,Alabama A&M,SWAC,24,6-18  5–6,93.2,111.7,.1110,45.2,51.3,22.9,19,31.6,33.9,47.7,48.4,45.8,48.9,28.9,36.8,26.8,37.5,71.1,-13.9
360,348,Florida A&M,SWAC,20,4-18  2–9,95.6,114.8,.1086,48.2,53.6,20.9,15.5,26.6,30.5,25.9,40.4,45.7,52.9,35.9,36.6,31,39.3,68,-12.5
361,349,Buffalo,MAC,23,3-21  1–10,95.2,114.7,.1048,46.6,54.7,20,15.2,29.3,30.8,25,27.8,51.8,54.9,26.5,36.2,43,34.8,68.5,-16.6
362,350,Holy Cross,Pat,24,8-17  5–7,98.9,119.6,.1004,50.3,53,17.3,13.3,23.2,29.6,26.1,30.1,48.7,50.4,35.3,38,37,39.3,65.4,-14
363,351,Lindenwood,OVC,22,8-17  2–10,91.8,112.5,.0879,42.9,53,18.2,17.9,24,29,39.3,41,43.4,51.5,27.8,36.9,29.9,37.7,67.7,-13.8
364,352,Southeast Missouri St.,OVC,21,8-17  3–9,91.9,112.7,.0873,46,52.4,18.3,17.5,24.6,29.9,26.4,44.4,46.3,53.9,30.4,32.4,34.4,28.8,69.2,-13.9
365,353,Maryland Eastern Shore,MEAC,17,7-14  2–5,88.1,108.2,.0863,41.3,51.4,19.7,18.1,28,33.1,30.2,37.8,40.2,53,28.8,32.5,35.4,37,67.4,-11
366,354,Houston Christian,Slnd,21,6-17  4–8,93.8,115.4,.0850,45.7,53.2,21.7,13.8,29.7,33.7,37.2,27.3,46.8,55.5,28.4,32.6,26.7,35,71.8,-11.8
367,355,VMI,SC,22,4-21  1–11,91.0,112.3,.0823,47.2,53.8,21.4,14.4,25.1,30.4,28.4,30.9,47.8,53.8,30.7,35.9,33.4,38.5,74.9,-16.7
368,356,St. Francis PA,NEC,22,8-16  3–8,93.9,115.9,.0816,46.4,52.6,21,17.7,32.6,32.7,31.9,34.5,45.4,53.1,32.2,34.5,36.6,36.1,66,-12.9
369,357,Siena,MAAC,24,4-20  3–10,89.4,110.5,.0802,44.4,51.3,24.4,14.9,33.7,31.6,32.8,27.7,46.4,50.7,27,35,33.6,32.7,67,-16.4
370,358,Detroit,Horz,26,0-26  0–15,94.0,116.9,.0755,46,55.6,19.4,17.5,26.1,36.9,28.9,32.5,49,55.6,27.2,37.1,37.1,37,67.5,-20.7
371,359,IUPUI,Horz,23,6-20  2–13,93.1,116.6,.0700,46.2,57.7,20.8,17.9,30.3,34.7,32.7,32.3,49.3,58.1,24.4,38,24.4,37.8,67.1,-16.4
372,360,Stonehill,NEC,25,3-23  1–10,90.3,113.1,.0698,46.4,52.6,20,17.2,22,32.3,22.8,30.3,46.9,52.2,30.6,35.4,47.3,47.4,68.5,-18
373,361,Coppin St.,MEAC,21,2-19  1–6,83.4,108.6,.0461,41.4,50.5,23.2,22.1,26.6,38.7,30.5,37.2,42.3,51.3,26.3,32.9,32.8,39.1,66.7,-15.4
374,362,Mississippi Valley St.,SWAC,24,0-24  0–11,85.7,119.5,.0213,41.7,56.8,24.7,16.3,28.3,36.3,32,43,42.2,57,27.1,37.6,28.6,36.6,64.8,-16.9
375,Rk,Team,Conf,G,Rec,AdjOE,AdjDE,Barthag,Efg%,EfgD%,TOR,TORD,ORB,DRB,FTR,FTRD,2P%,2P%D,3P%,3P%D,3PR,3PRD,Adj,WAB
